seller_id,seller_zip_code_prefix,seller_city,seller_state
e38db885400cd35c71dfd162f2c1dbcf,70740,brasilia,DF
bba3293d6f5d5af2f415e004e8b93ae3,04726,sao paulo,SP
b56906f7fd1696e043f1bcce164c487b,19830,echapora,SP
83353a83fd769dfafa4f21a72b15e3e5,05786,sao paulo,SP
709e16e2b25c7474d980076c6bfc4806,16200,birigui,SP
b18dc380845b24038cfc48006478f099,09951,diadema,SP
6a8a889bde935bafa76d7848782dfaf9,02839,sao paulo,SP
c8e135e7b21ecbc36c1153a29d2f5a06,01411,sao paulo,SP
8b2492b7ff4468839593fafeed55bad9,24451,sao goncalo,RJ
10ff823eda2b032e2c93d17a7d294736,17280,pederneiras,SP
66d5ae34537110d3affc56174dad2b2f,15062,sao jose do rio preto,SP
dff87e4de60c9736ce8df835951b09bc,03172,sao paulo,SP
3d700782d7818f2c1e0d7a9e9d75fc00,86170,sertanopolis,SP
88af55b4a7ca402b27df16f7c7c9b5d2,06775,taboao da serra,SP
6cd68b3ed6d59aaa9fece558ad360c0a,31255,belo horizonte,MG
3df020b72d3d44b3af9d110fa3940b65,15704,jales,SP
c611f4ce9ce875bcc063fa97fd4d7d12,12944,atibaia,SP
6e386f64c84e482f0b9abf960797ee1b,01539,sao paulo,SP
289cdb325fb7e7f891c38608bf9e0962,31570,belo horizonte,SP
ef30892870c278497523264be1be2241,14801,araraquara,SP
376d67b61dce0c990155286e7ae486a4,04815,sao paulo,SP
49383af7ab774e4e8f3000f49c83dc4b,12080,taubate,SP
db4350fd57ae30082dec7acbaacc17f9,03126,sao paulo,SP
bfd27a966d91cfaafdb25d076585f0da,13930,serra negra,SP
ca3bd7cd9f149df75950150d010fe4a2,04361,sao paulo,SP
f680f85bee2d253556ac91be391d2c82,06365,carapicuiba,SP
7ea5bfa6c340f58f8e71fc1f0412b0d6,30180,belo horizonte,MG
d97df38225e5abadaff1e72cb72b823c,09560,sao caetano do sul,SP
bc2ac6b95e1accce9858528ee566c17e,13085,campinas,SP
4aba391bc3b88717ce08eb11e44937b2,45816,arraial d'ajuda (porto seguro),BA
cd68562d3f44870c08922d380acae552,14050,ribeirao preto,SP
042573af89b6d931f672efaf789d8358,18015,sorocaba,SP
33ac3e28642ab8bda860a2f693000e78,06717,cotia,SP
18a349e75d307f4b4cc646a691ed4216,01319,sao paulo,SP
7f35f9daf223da737b78738fbae4d977,13272,valinhos,SP
89dda63a3c907c468ec88c310ed91213,09380,maua/sao paulo,SP
4bc3d93e4a5f88a598d3d8ce4ae510b3,04564,sao paulo,SP
63b464dbf392c7b80d12d932fa7cafed,02034,sao paulo,SP
b335c59ab742f751a85db9c411a86739,38442,araguari,MG
d9e8c084b68fe958861d8f2c21202e6b,05528,sao paulo,SP
9596c870880d900012f2e8e6e30d06d7,37074,varginha,MG
70c27847eca8195c983ed7e798c56743,20930,rio de janeiro,RJ
8f580d36c1e9d6fbce95283403c7d447,14090,ribeirao preto,SP
6338ea67c41078a46ad99cc009654956,95170,farroupilha,RS
65febd49fd28ec955651299159b1f527,03275,sao paulo,SP
70849ca4f400aaabb62cb7462a6f1428,31210,belo horizonte,MG
b45d7ebfb7378630f1bcd74b6ff86ff7,30285,belo horizonte,MG
916c9de0b5ad957346eeeb12f332687e,80240,curitiba,PR
f0b47fbbc6dee9aafe415a6e33051b3f,09360,maua,SP
31344c16881c08a8a72c6d2eb29918c1,36500,uba,MG
d58d521f3789def2e7a22715e0badd93,03643,sao paulo,SP
7681ef142fd2c19048da7430856b5588,07074,guarulhos,SP
bb5d956dece964a06c12bceb66b923ae,20930,rio de janeiro,RJ
1d503743d2526f03f0c2c89540ee008c,01035,sao paulo,SP
3a734b715d333a2588a3d54a0c9b8746,06132,osasco,SP
e439f7176d763f92de325271111b2fd5,89219,joinville,SC
52f0fe436a347ddad7ed5f9aa4e27eaa,01129,sao paulo,SP
bb5bd94c8f59cc050072d2930c869cac,05008,sao paulo,SP
b26741d31a563d769b4af0465ab20c56,88061,florianopolis,SC
a2e85714b56b1cb6bb24a9a6e6cad36f,14530,miguelopolis,SP
8cc6a0e5738e61a87b03c78b2ba9db4b,37795,andradas,MG
9c351405b754cc5ce3e2ecf277bb034a,03134,sao paulo,SP
4d8809767a5bafe22909c77951fb6b41,06803,embu das artes,SP
3ab971ce71839580d2ae5b4e40fe8044,03210,sao paulo,SP
f1c1ac3f3efc07e659c035008e615e66,02119,sao paulo,SP
68ca56ce86830f3d31b1b7ec6a54da3e,83280,guaratuba,PR
973f21788dfab357250f69a8dcb7ddee,35530,claudio,MG
5160d23075764e18e07c1f4a87fad743,09720,sao bernardo do campo,SP
ab9db4cf53b08b828b64dccaafc2d9f0,96530,paraiso do sul,RS
985c92cc412091f8529c12d7f23d3fef,36300,sao joao del rei,MG
55029529919c0123526150bd26ca8f20,32280,contagem,MG
b372ee768ed69e46ca8cdbd267aa7a38,15013,sao jose do rio preto,SP
d20b021d3efdf267a402c402a48ea64b,14940,ibitinga,SP
3361277dc30b7cccdb0c286b24219756,87015,maringa,PR
633ecdf879b94b5337cca303328e4a25,04438,sao paulo,SP
d9e7e7778b32987280a6f2cb9a39c57d,03304,sao paulo,SP
99a54764c341d5dc80b4a8fac4eba3fb,03273,sao paulo,SP
427165bf50f8ca07efc7bdc2bfcf1688,13471,americana,SP
8f119a0aee85c0c8fc534629734e94fd,06440,barueri,SP
101921376b577a4540dc30e9009133ca,13505,rio claro,SP
4e8dacf3d38f281ae26c3e0321d92d88,08420,sao paulo,SP
42ef3192a9ff87a22d1867b74b3ee205,09090,santo andre,SP
51e4e89242cbb846c2deff3dc015650e,96203,rio grande,RS
4bfc7a4a1cf8d4d2121c27422d9e50b5,03111,sao paulo,SP
0725b8c0f3f906e58f70cbe76b7c748c,07023,guarulhos,SP
f41ce2e25237f9092cd8e6e7516c7a2f,07013,guarulhos,SP
4371b634e0efc0e22b09b52907d9d469,02028,sao paulo,SP
538caafddff204241cecbf3a02e6b3cf,04516,sao paulo,SP
37515688008a7a40ac93e3b2e4ab203f,17900,dracena,SP
0417b067eeab773d2f7061a726dc477f,89288,sao bento do sul,SC
e504a4e2efaa45cbff7e268a2c58c956,13520,sao pedro,SP
13074f016982ff2bd6c58ced8682f000,95705,bento goncalves,RS
4736e9d642ef4257cd7622516931eb51,13424,piracicaba,SP
ce616e1913288884e7742faac9d981db,06711,cotia,SP
e48b04bf1aa1ef711caebeb7aede6180,80240,curitiba,PR
20d53aad4fe5ee93a64f8839609d3586,37540,santa rita do sapucai,MG
353e21e8bf8de2722b4fae1636664b76,92120,canoas,RS
3a490ba60afa30ece0e7d50cfe74a4f0,31365,belo horizonte,MG
ad8b531ae67582f096925cff5630d0d1,84172,castro,PR
d66c305afaec317ebee552073a674429,33936,ribeirao das neves,MG
d5ba419e26d246a0719437cf37d9b46d,03437,sao paulo,SP
fe1b067411b8c5066e962aa146ccee03,19020,presidente prudente,SP
f7496d659ca9fdaf323c0aae84176632,04156,sao paulo,SP
2ff97219cb8622eaf3cd89b7d9c09824,13320,salto,SP
ef990a83bbea832f36ebe81376335aa8,89214,joinville,SC
55f7a3319d80f7fdf078b8f03e6725fe,06056,osasco,SP
37be5a7c751166fbc5f8ccba4119e043,04248,sao paulo,SP
f021c962aaba8ef6eb527a9c2c8394d1,88301,itajai,SC
14a08204d03bb6b6bde8029f801ae0eb,01026,sao paulo,SP
a17f621c590ea0fab3d5d883e1630ec6,18055,sorocaba,SP
1b4c3a6f53068f0b6944d2d005c9fc89,88730,sao ludgero,SC
50c9975695009e5e6473912e83a6d1da,35530,claudio,MG
9f505651f4a6abe901a56cdc21508025,04102,sao paulo,SP
38e679b9e0064cd94c6f035707344dae,86010,londrina,PR
8daab2245ebdc277c51098d01c5ad8ef,08411,sao paulo,SP
cfb1a033743668a192316f3c6d1d2671,18110,votorantim,SP
adcf50477d6a1f5d91bb9d54c4903cb5,35530,claudio,MG
259f7b5e6e482c230e5bfaa670b6bb8f,08550,poa,SP
6eb94e1466490d327a09abf8f3552a50,13219,jundiai,SP
5236605f4d4b0b3e4df85b850393fca0,03311,sao paulo,SP
f45122a9ab94eb4f3f8953578bc0c560,13419,piracicaba,SP
0bf0150d5b9d60d9cd2906003332f085,01547,sao paulo,SP
83d458c0d6d4f94295d63f091460bd60,29101,vila velha,SP
b7d5b4b87af9d42b601865d3f3810bff,88020,florianopolis,SC
1a6245add4353f18ed55138808906979,09694,sao bernardo do campo,SP
73a63f72308aa20a46f4b1632018f196,82510,curitiba,PR
55a5b51f93f2b70ea513f5a047b0262a,36301,sao joao del rei,MG
8a432f4e5b471f8da497d7dc517666e2,19042,presidente prudente,SP
20a8b0dc55da94fe74d112082427c84f,13312,itu,SP
9c0e69c7bf2619675bbadf47b43f655a,12230,sao jose dos campos,SP
3586b8580d9c917874e053a1bb37b5ff,14802,araraquara,SP
95f83f51203c626648c875dd41874c7f,37564,borda da mata,MG
6b243f80ed07b10f0e8aa0f21a205f3c,81825,curitiba,PR
2089a6d640999f9b9141ac719b2af596,13566,sao carlos,SP
0307f7565ff85b299b6e5ef162b1b1a9,15085,sao jose do rio preto,SP
c286ec035ee04ba81c97508f0b5df544,81320,curitiba,PR
28405831a29823802aa22c084cfd0649,03644,sao paulo,SP
cf8ab1616079e2793aa29d524df01bb1,04088,sao paulo,SP
c7a0a13cbcf29d5ce51c8f80afdc0b89,89170,laurentino,SC
ef2fbc2b607d8492bcffe657a4645434,20051,rio de janeiro,RJ
6c1b6d0c604b776f844125f911eb7377,05051,sao paulo,SP
609e1a9a6c2539919b8205cf7c4e6ff0,88359,brusque,SC
c79151301b9d90985d1fa52879213105,87083,maringa,PR
9baf5cb77970f539089d09a38bcec5c3,13330,indaiatuba,SP
688756f717c462a206ad854c5027a64a,07094,guarulhos,SP
7bcd7c5f8631701474db233ccf1c094b,02047,sao paulo,SP
4bf2f4ee540798a61f9636d12cd9cc80,19814,assis,SP
128639473a139ac0f3e5f5ade55873a5,87050,maringa,PR
7a241947449cc45dbfda4f9d0798d9d0,37590,jacutinga,MG
c9a06ece156bb057372c68718ec8909b,73020,brasilia,DF
6e1862e15f33d9994bc25922a85e1efc,13505,rio claro,SP
acce39e832338debb07b02385cde5967,32110,contagem,MG
06e5eefc71ec47ae763c5c6f8db7064f,91350,porto alegre,RS
6d66611d7c44cc30ce351abc49a68421,04378,sao paulo,SP
fa18c782a4866d313cadab567097f8f1,31535,belo horizonte,MG
762fafdaa57a532ee0119731697579dd,13311,itu,SP
c4fb51fb1c5b7c07bc5e67be6e7e8f6e,80060,curitiba,PR
77dcbb67ccb3659bd58eaf5661560a30,95900,lajeado,RS
de722cd6dad950a92b7d4f82673f8833,51250,recife,PE
05ff92fedb5be47920fea08e501238b9,98803,santo angelo,RS
bc47d5d1490df2b36add65d733eafaba,09163,santo andre,SP
e62b2d6ac10570a035a30bafcf01d263,05767,sao paulo,SP
a08692680c77d30a0b4280da5df01c5a,04719,sao paulo,SP
880ce4951cf857ab1d9e0b75c1d856f4,31255,belo horizont,MG
fad44952713764836814be105382aee5,21340,rio de janeiro,RJ
cc5a78bbad32776dc4e3af205218368c,35501,divinopolis,MG
9485a23c0430ba1d58d359391606fce6,09015,santo andre,SP
d4e4b5192cba4e0e66eb12a9d347239d,85904,toledo,PR
d921b68bf747894be13a97ae52b0f386,35570,formiga,MG
77a515caa36327151d1cc6c32a9f00e1,09912,diadema,SP
32fdd5d44ecb43dfd6a24b9369eca144,35557,carmo do cajuru,MG
78c99c6dff4eeae5be99bf635ed21e3f,17510,marilia,SP
272f092de69afedd4d2969440b37f18f,03265,sao paulo,SP
d1b9d4be4b6f9ebd85f8acd6745ba612,34006,nova lima,MG
b494891378bd8f4560abe576c52deacd,04160,sao paulo,SP
1f867308a0ce13133a4e639ff4de0c02,82510,curitiba,PR
adbc26658d6c7b4b6219f9d934598091,81770,curitiba,PR
f80edd2c5aaa505cc4b0a3b219abf4b8,03431,sao paulo,SP
562fc2f2c2863ab7e79a9e4388a58a14,13070,campinas,SP
ce7d1888639e6fb06b2749cbfdac1ff7,37443,baependi,MG
8bdd8e3fd58bafa48af76b2c5fd71974,01552,sao paulo,SP
fcdd820084f17e9982427971e4e9d47f,14075,ribeirao preto,SP
4305fe92735c8a43d154ff6dd2b8d927,35170,coronel fabriciano,MG
4b5f66b7adcf57f1ecc0d3c07dd6b177,87025,vendas@creditparts.com.br,PR
b1aaae6b66ad3c40f54b389d7ea4bee0,04714,sao paulo,SP
6f1a1263039c76e68f40a8e536b1da6a,03581,sao paulop,SP
1fddcb7b326905d3ad5efe82187db347,02279,sao paulo,SP
2a61c271b1ac763450d846849783e922,09175,santo andre,SP
3d290fe363c60a77498c1126fd3fb8d3,06694,itapevi,SP
1e8b33f18b4f7598d87f5cbee2282cc2,02066,sao paulo,SP
57c764b4a836300be881e2ff86e449f9,14021,ribeirao preto,SP
6f892e20a171e98efe17fdb971ff319b,08270,sao paulo,SP
b7cc6c5e001441ae8cdd5c69a480cbe4,89520,curitibanos,SC
3f8034bfc6b8b4135534975d49f04c63,81560,curitiba,PR
d17f467e4bf608a510c20d82f4ba3b6b,95098,caxias do sul,RS
b2ac621f0d0322434d04a12b078b9369,80220,curitiba,PR
17306570e772e7718c92a562d33f5f1d,17250,bariri,SP
4200ddf1967c5e41e48db62bc6d4b5ac,09710,sao bernardo do campo,SP
60ad151920c4f6f3ebbe8cfdf6166779,06322,carapicuiba,SP
f67efa3f0b6761102a7f8c6b7b571f5d,82300,curitiba,PR
1838dd9b8977065acf51d95e0053ea7a,30882,belo horizonte,MG
655220df33262c7e0c4949a147366f94,09951,diadema,SP
adbe70ab2c97442046d393988c8d1d27,09321,maua,SP
66922902710d126a0e7d26b0e3805106,31842,belo horizonte,MG
525e75a6fb1454a2325ab1734bcec221,06453,barueri,SP
3c03b12bab54d8b37d79d914bfdb1aa0,25561,sao joao de meriti,RJ
c70c1b0d8ca86052f45a432a38b73958,13186,hortolandia,SP
e603cf3fec55f8697c9059638d6c8eb5,96080,pelotas,RS
d1b65fc7debc3361ea86b5f14c68d2e2,13844,mogi guacu,SP
0c7533c71df861ec58ad7ff999ed0e8d,13270,valinhos,SP
3296662b1331dea51e744505065ae889,15805,catanduva,SP
3f9be91358837bff69df67edfa3e42e8,86039,londrina,PR
784ba75dd9d20200c4caed3d7a77141a,01040,sao paulo,SP
ba6b4a237f92479743cf0ca06b67a9ac,23550,rio de janeiro,RJ
ed4acab38528488b65a9a9c603ff024a,08260,sao paulo,SP
8132b9bd16876e1b0f8808d43825dd48,88058,florianopolis,SC
ac1ed5fc15901fbc92920361eb4ab350,03334,sao paulo,SP
aba1721a889e04decc910aa13b768ef4,05729,sao paulo,SP
01cf7e3d21494c41fb86034f2e714fa1,85603,francisco beltrao,PR
eebb3372362aa9a46975164bed19a7e7,04578,sao paulo,SP
96493fab2fbb13a14d0c0e8772eef5c3,05537,sao paulo,SP
d4ffeb15b67e81ff9af2b4252d99fb7e,12943,atibaia,SP
ab75b89cc49c9ab3160d0c91565a442a,17604,tupa,SP
e59aa562b9f8076dd550fcddf0e73491,82810,curitiba,PR
e9779976487b77c6d4ac45f75ec7afe9,11701,praia grande,SP
d1a1b40ec554c593a1a99366746289dd,85501,pato branco,PR
e81e1f9c3e762e620f3fb60a51499e16,89520,curitibanos,SC
0b90b6df587eb83608a64ea8b390cf07,87025,maringa,PR
05e107217c7266362fd44b75b2cd4cc4,05353,sao paulo - sp,SP
a420f60ff1aa9acc80d0e42959f2b313,05138,sao paulo,SP
3606774ec64634822d78dc2db6d37045,09510,sao caetano do sul,SP
fde0cc9ea29c8ccfc0a2c22256a58c71,81650,curitiba,PR
7fdb0720c8d7c9075538b365dc8c3a22,85904,toledo,PR
e7f3bf1ecd8526eb7f3b18059e6716e5,11680,ubatuba,SP
7b1222c3624aa89b9558b50a2594188c,15041,sao jose do rio preto,SP
0af977692321d895349eded183341d28,11070,santos,SP
2bd05d410a8fd26dc4184a15f4f2f588,31130,belo horizonte,MG
3d4824f20035949c710eaf111f869d39,18015,sorocaba,SP
866558b3bccef2dbc6d29a2b5995016f,86706,arapongas,PR
2b2fed75b8e5ea3a052fc4c0825da485,36015,juiz de fora,MG
b0f2a6122a90a93eb03e68653dd960e3,80710,curitiba,PR
cd06602b43d8800bd0afad514919d35c,04119,sao paulo,SP
bacb1f0ed56ad24198f5810d2b3fe9a5,12328,jacarei,SP
de0c78824586e9a5f5f04fd84e25df39,06730,vargem grande paulista,SP
376a891762bbdecbc02b4b6adec3fdda,74323,goiania,GO
37ceb404da208418c9032f0674e57804,04615,sao paulo,SP
05d2173d43ea568aa0540eba70d2ca76,37135,alfenas,MG
f615fe7efbef0f4f08fd3086bc7a3e60,12940,atibaia,SP
6dc9bec584588412a6a338830946a3e4,03270,sao paulo,SP
9add47bf45ce8e8c7db6b9cf670b1e09,83830,fazenda rio grande,PR
d0d70d21e2234dd7cd3cf63fe414148a,58865,sao bento,PB
ff1fb4c404b2efe68b03350a8dc24122,08710,mogi das cruzes,SP
2e3be8a987a30d7544dbbda6861cc14e,30620,belo horizonte,MG
9a208dee8f95cfdf00760c4d627828ec,26125,belford roxo,RJ
855668e0971d4dfd7bef1b6a4133b41b,13257,itatiba,SP
dd533b429f380718b70ad9922c294bae,14781,barretos,SP
f7720c4fa8e3aba4546301ab80ea1f1b,81350,curitiba,PR
5d0363b33554b373851fc1622e4d5f3c,12952,atibaia,SP
2c3d56f92f360fb89d849b84e8f50eae,06420,barueri,SP
2c00c85d30361cd2ced2969cffbbffa3,31160,belo horizonte,MG
1a932caad4f9d804097d7f8e615baed1,02976,sao paulo,SP
1464afc72f696af775557a821c2e253f,28630,nova friburgo,RJ
da4d149c0ddbac90557103ac0a0ec356,09861,sbc,SP
f4db9b37944bcb8873e6b456ee190bbf,08599,itaquaquecetuba,SP
18e694e0e48ed6f7aa3f24aade5fd697,13224,varzea paulista,SP
cac4c8e7b1ca6252d8f20b2fc1a2e4af,13347,indaiatuba,SP
01fd077212124329bac32490e8ef80d9,14079,ribeirao preto / sao paulo,SP
8fbe2ee446b97e128471be4ce983dc0d,18103,sorocaba,SP
2e90cb1677d35cfe24eef47d441b7c87,02285,sao paulo,SP
5d3bb11474a06bdc23fb9e89f1164ee0,19804,assis,SP
bb135baca94c82fcb731335ad5b04a03,04362,sao paulo,SP
f5f46307a4d15880ca14fab4ad9dfc9b,89165,rio do sul,SC
7a073a40a9d3f1fee8bc45670ea1e909,86040,londrina,PR
86ccac0b835037332a596a33b6949ee1,89041,blumenau,SC
e0878efa0e0b7e5313ac0b43bc04c081,80230,curitiba,PR
f5a590cf36251cf1162ea35bef76fe84,09720,sao bernardo do campo,SP
5b67882648febfb6e1225e6ad7164f6b,87502,umuarama,PR
034b9387752bfa309f350a70cd45ffa3,89036,blumenau,SC
6e2d3e2dc84fb30f6078f39dd3bddd6f,83408,colombo,PR
bccf933e006e9b94a6184af782963e77,19806,assis,SP
cce6ab8d1682639fe45ab70234f1665f,81020,curitiba,SP
bbf9ad41dca6603e614efcdad7aab8c4,60348,fortaleza,CE
4da0e408c99d2fdc2126dc9fce518060,86300,cornelio procopio,PR
9bc484c87d79cd4874e05ca182658045,02422,sao paulo,SP
e24fc9fcd865784fb25705606fe3dfe7,12913,braganca paulista,SP
afe0067131b73e40875c9b6c10bd2e21,35590,lagoa da prata,MG
4fb41dff7c50136976d1a5cf004a42e2,44002,feira de santana,BA
4a1f694197d05fe70026b016a7316b41,13920,pedreira,SP
b1204cfda1d4948679db3cfc0d3cb95c,07170,guarulhos,SP
056b4ada5bbc2c50cc7842547dda6b51,26379,queimados,RJ
3338e7a0710a195872be80e0d2423867,13403,piracicaba,SP
f7df46c1e0ec44eed5c6726478da4a17,93336,novo hamburgo,RS
6bbcb8924baf70b7fe2fe2097e8cd407,89031,blumenau,SC
382229d1e840115ffe3dbf5ff460e417,23092,rio de janeiro,RJ
3febca52652e7209509ccfe61cbde40e,08596,itaquaquecetuba,SP
808d4348b916efa08e766ebad39f61eb,02336,sao paulo,SP
fb3cfbc8a86f5d7fbb4d36b8df63f60d,21825,rio de janeiro,RJ
6576fd3e23c88f0e5d4d23f39bba0542,06766,taboao da serra,SP
2d2322d842118867781fc737e96d59a1,05879,sao paulo,SP
df56d7b40d437f88407c5f78b63bc328,85812,cascavel,PR
9df5750209b83567ec144eb299d7d634,93032,sao leopoldo,RS
66e0557ecc2b4dbea057e93f215f68d8,04771,sao paulo,SP
8bd0e3abda539b9479c4b44a691be1ec,98910,tres de maio,RS
2078fe5066350e7d220c0ad3a3bbc6c1,86707,arapongas,PR
c013e57c075a06e5b5c48ee03c525719,13568,sao carlos,SP
82e0a475a88cc9595229d8029273f045,03417,sao paulo,SP
7b98de631987e26dd6d803490c43a13c,87900,loanda,PR
6ec1a01e866584bb679eb9b098345919,11040,santos,SP
a63bfbaa882c8f4542891b4e2246cc7f,24355,niteroi,RJ
5cf1ec37aea089f45110c70653a166ab,02215,sao paulo,SP
d6b1ce66b035a475f00c017792ff9769,13327,salto,SP
5444b12c82f21c923f2639ebc722c1ea,02051,sao pauo,SP
cbd996ad3c1b7dc71fd0e5f5df9087e2,15081,sao jose do rio preto,SP
f1fd5ab1181f827ffad998c1a5de7d74,80010,curitiba,PR
8501d82f68d23148b6d78bb7c4a42037,89031,blumenau,SC
76d64c4aca3a7baf218bf93ef7fa768d,80215,curitiba,PR
751bdc4d83a466c7206cd42e8f426b03,09405,ribeirao pires,SP
5a93f3ab0ef4c84ed5e1b5dbf23978bc,12250,monteiro lobato,SP
1f50f920176fa81dab994f9023523100,15025,sao jose do rio preto,SP
04aa0a1c5ce6b222003403a3e11c3cc0,13150,cosmopolis,SP
7c1fea10b5b006671d608b1d7c446ec4,18550,boituva,SP
f76a3b1349b6df1ee875d1f3fa4340f0,03275,sao paulo,SP
23613d49c3ac2bd302259e55c06c050c,13660,porto ferreira,SP
c8b0e2b0a7095e5d8219575d5e7e1181,08598,itaquaquecetuba,SP
179d859f51292aac5c10806a356f7af9,09411,ribeirao pires,SP
8d956fec2e4337affcb520f56fd8cbfd,09780,sao bernardo do campo,SP
f650a9708fa1bab22bdd8d3a818cc415,88901,ararangua,SC
7c9130f5f3729edd32aa059141d92484,17400,garca,SP
3bfad056cf05c00dabe2f895925d83b1,06033,osasco,SP
9aa388272ee334b6ae07bc73706e254a,36886,muriae,MG
391bbd13b6452244774beff1824006ed,13082,campinas,SP
b1b3948701c5c72445495bd161b83a4c,03390,sao paulo,SP
001e6ad469a905060d959994f1b41e4f,24754,sao goncalo,RJ
a888faf2d1baececa6baf9c3d603ee1f,87502,umuarama,PR
56a8b450e802502ba53a9885ee38e29f,09895,sao bernardo do campo,SP
25e6ffe976bd75618accfe16cefcbd0d,05503,sao paulo,SP
f114dca2828bf718548db175ebe2cfcd,86192,cambe,PR
579891617139df7d8671d373f0669622,20061,rio de janeiro,RJ
0dd184061fb0eaa7ca37932c68ab91c5,07031,guarulhos,SP
31eec405c9bb71dec8e2629a92e764fa,29300,cachoeiro de itapemirim,ES
432c37c9dfba871172ec162e20118b8c,70235,brasilia,DF
d9442042130b7fe579d1295f9f4a248f,03550,sao paulo,SP
968268a686aa05d1f529fb07dff08130,01530,sao paulo,SP
06532f10282704ef4c69168b914b77be,87140,paincandu,PR
822166ed1e47908f7cfb49946d03c726,25803,tres rios,RJ
b3809b8d4394588a47c8470ea331e135,04810,sao paulo,SP
1c129092bf23f28a5930387c980c0dfc,02972,sao paulo,SP
08d0949a9a17c027262db1f3c450c26c,85804,cascavel,PR
381c83fdca332ea6afd896da20bf6e4a,80010,curitiba,PR
56db5c0782e8f7ddc9343f9576ff6d16,88132,palhoca,SC
17a053fcb14bd219540cbde0df490be0,13843,mogi guacu,SP
8581055ce74af1daba164fdbd55a40de,07112,guarulhos,SP
ea566164622c6b439516ab18062c42cd,05303,sao  paulo,SP
5b179e9e8cc7ab6fd113a46ca584da81,05424,sao paulo,SP
834f8533b2ecb6598dd004ff3de7203a,05181,sao paulo,SP
67bf6941ba2f1fa1d02c375766bc3e53,82400,curitiba,PR
d13e50eaa47b4cbe9eb81465865d8cfc,09210,santo andre,SP
7d76b645482be4a332374e8223836592,01511,sao paulo,SP
39d61be7a92eb77b7da367bd4845bc0e,13420,sao paulo,SP
83c8aafbefb034674a70de0eac5b8954,85601,francisco beltrao,PR
e5c84227854980f1db19a58958c551d9,83823,fazenda rio grande,PR
b9ca8e8baa5d4aa038394a700f63e69f,03001,sao paulo,SP
54a1852d1b8f10312c55e906355666ee,13456,santa barbara d'oeste,SP
f7ccf836d21b2fb1de37564105216cc1,14940,ibitinga,SP
6973a06f484aacf400ece213dbf3d946,12230,sao jose dos campos,SP
0cbcee27c791afa0cdcb08587a2013a8,37410,tres coracoes,MG
d50d79cb34e38265a8649c383dcffd48,08290,sao paulo,SP
400f221ab83037c0ea78f1267da9624d,17700,osvaldo cruz,SP
7b0df942f46435babab05d49b744b2c4,12924,braganca paulista,SP
6fc26fe110feebd80a433e1f012a84f9,15601,fernandopolis,SP
36a968b544695394e4e9d7572688598f,11010,santos,SP
431050a06a317f2b38168dec3dcd2b46,02475,sao paulo,SP
282f23a9769b2690c5dda22e316f9941,31573,belo horizonte,MG
80e6699fe29150b372a0c8a1ebf7dcc8,83323,pinhais,PR
9853a239ab7b7ebbdc3a21248d5b8e1f,83602,campo largo,PR
fc99f99385ae90f66f01733856fb88c9,18550,boituva,SP
0509040ea3fe50071181bbc359eb7738,31710,belo horizonte,MG
2039c5e51785b5dde7cf93ccb3b7be2c,14790,guaira,SP
a1ed30492b3b798bc121845bc4aa7366,04708,sao paulo,SP
813348c996469b40f2e028d5429d3495,13206,jundiai,SP
c8467937e403e76a8ee9f0ab13f6f5ef,37704,pocos de caldas,MG
4992e76a42cb3aad7a7047e0d3d7e729,03334,sao paulo,SP
02a2272692e13558373c66db98f05e2e,20040,rio de janeiro,RJ
0b18d63d0cd1d723567903fd34a07df2,05141,sp,SP
d4e12e7884759a14fa0f5f896c791cae,02242,sao paulo,SP
70c4eedec9cb4a85cda2f3f9673557b4,01208,sao paulo,SP
54065e9aef7e9e9c2dc23b7594db021a,20040,rio de janeiro,RJ
974cf2cb8f4b7add98709c30df02fe10,14802,araraquara,SP
1f1bb1f0859883505541bdd6606193e5,02124,sao paulo,SP
491a5ada3aa1678414e990262c4bbdc1,04208,sao paulo,SP
ab3e0c171fe84a7ba7de130f19cfb485,86690,colorado,PR
7ecd59e5e20407131822c1a68ac59c1f,70719,brasilia,DF
5a425cc503b39b262a847fd6212bf53b,86010,londrina,PR
17f51e7198701186712e53a39c564617,03908,sao paulo,SP
870d0118f7a9d85960f29ad89d5d989a,37708,pocos de caldas,MG
9198786624eaeb375793215cad26cfa6,89136,rodeio,SC
6b9b80d53ba3676eafe60268a810b5a1,31160,belo horizonte,SP
30c7f28fd3a5897b2c82d152bb760c17,24020,niteroi,RJ
55c96925041a14097b6a7825554f4ad5,02122,sao paulo,SP
f9ec7093df3a7b346b7bcf7864069ca3,05138,sao paulo,SP
8444e55c1f13cd5c179851e5ca5ebd00,37584,congonhal,MG
a416b6a846a11724393025641d4edd5e,03702,sao paulo,SP
669ae81880e08f269a64487cfb287169,89160,rio do sul,SC
abe42c5d03695b4257b5c6cbf4e6784e,21235,rio de janeiro,RJ
ffcfefa19b08742c5d315f2791395ee5,80045,curitiba,PR
fa40cc5b934574b62717c68f3d678b6d,02310,sao paulo,SP
1284de4ae8aa26997e748c851557cf0e,85301,laranjeiras do sul,SP
cab85505710c7cb9b720bceb52b01cee,02252,sao paulo,SP
955fee9216a65b617aa5c0531780ce60,04782,sao paulo,SP
2f4b0d3b9634b647d4edee577d7ebb7e,02310,sao paulo,SP
fa1a9dec3a9940c072684a46728bf1fc,88820,icara,SC
e5a38146df062edaf55c38afa99e42dc,01233,sao paulo,SP
cad9969167c09b48ae6f1d123f7fa68d,37706,pocos de caldas,MG
a9415cf907dfa12f9ed18693244f5329,36320,prados,MG
f62d7bb4a613ec758a03342d46b580b2,36570,vicosa,MG
7c5b05cbdb5542049f38d90d7815b97d,05201,sao paulo,SP
da3fede3469bf49b7293ce3fc45b294d,08743,mogi das cruzes,SP
385799a1cddbd26dfeb9157356a42282,04676,sao paulo,SP
32b8764b4ef628b53608fc34011fcc13,88504,lages,SC
a2fa0bdc798ee84cdb08281337cf4fb6,88063,florianopolis,SC
679769a98cfcc6da877c8486ff1c13f3,35162,ipatinga,MG
ad97a199236354e53fcd91a5a913e9a2,88350,brusque,SC
c4f7fee5b0db50e87766f5a4d1b1b758,18085,sorocaba,SP
933446e9a59dece7ae9175103820ca8f,81730,curitiba,PR
5d9dc90a686a8fddacffab6bab5653a3,06513,santana de parnaiba,SP
ec4608a1f76453166bb312b2968aeaf4,13660,porto ferreira,SP
00ee68308b45bc5e2660cd833c3f81cc,03333,sao paulo,SP
59b22a78efb79a4797979612b885db36,38414,uberlandia,MG
2059c39f76271d4ca3f15b5ffaccc8b8,81930,curitiba,PR
5a05a16bb50629ee31afab8a6d4c2674,95076,caxias do sul,RS
7357b52d27cbaa90f81a96cbc1279396,33400,lagoa santa,MG
41b39e28db005d9731d9d485a83b4c38,09220,santo andre,SP
e882b2a25a10b9c057cc49695f222c19,25963,teresopolis,RJ
1967a9e2ad6f51802b093147d861df58,01209,sao paulo,SP
9c068d10aca38e85c50202e17b4a7e88,79400,coxim,MS
db1f0f7c7e5e87f40b62226f020bb297,83322,pinhais,PR
5d76d80a2f5f39c891b996a1bf4c9853,05727,sao paulo,SP
cfa5ab0e4d3fc212fd0b3410e7081c62,36500,uba,MG
fc906263ca5083d09dce42fe02247800,31030,belo horizonte,MG
1da366cade6d8276e7d8beea7af5d4bf,36500,uba,MG
d2374cbcbb3ca4ab1086534108cc3ab7,14940,ibitinga,SP
058fd0aa2bfdb2274e05e1ae971dabb6,09020,santo andre,SP
9a84ba99f5367fdbd4598363496f1ea2,72801,luziania,GO
e48cc16ab70bfa09e1401740dce0b3d7,16022,aracatuba,SP
1b8356dabde1d35e17cef975c3f82730,03477,sao paulo,SP
b2ba3715d723d245138f291a6fe42594,03470,sao paulo,SP
70126eecc6aa1274392a1743866e9678,06449,barueri,SP
bd0389da23d89b726abf911cccc54596,71691,brasilia,DF
77530e9772f57a62c906e1c21538ab82,80310,curitiba,PR
3afc536624bc2e65bddfb5db33cc01f3,30150,belo horizonte,MG
602044f2c16190c2c6e45eb35c2e21cb,14940,ibitinga,SP
fc5a0d7a310a7a41abf86a458585ff2b,03655,sao paulo,SP
253f95b3a0e6983ae18aed49fbc2b845,04141,sao paulo,SP
834f3294fba9f932f56edc879193f925,14808,araraquara,SP
ec933281fb017b5020d06df29c3f77e8,03820,sao paulo,SP
90d4125885ab6c86e8820a722be71974,06780,taboao da serra,SP
c33847515fa6305ce6feb1e818569f13,88359,brusque,SC
8dfbc5ff27df12f6cef751d3b9554222,80220,curitiba,PR
8fff28c4263ddec387f28d237fb42773,05594,sao paulo,SP
da6a60cc8cc724fe51be021ff8be779c,28941,sao pedro da aldeia,RJ
41b86b552e54e3a7009596125aa8b167,02470,sao paulo,SP
343e716476e3748b069f980efbaa294e,13033,campinas,SP
37303482a42fb700d8d127e70a9cd6c8,13070,campinas,SP
da8622b14eb17ae2831f4ac5b9dab84a,13405,piracicaba,SP
a36b125ac6d5fdbc7f50de85c9157bdc,14020,ribeirao preto,SP
4c8b8048e33af2bf94f2eb547746a916,14940,ibitinga,SP
0eaa7e33d73809f1f925f7d07c506cbd,09111,santo andre,SP
1352e06ae67b410cdae0b2a22361167b,26051,rio de janeiro,RJ
2e1a7d075abe038c1b2743005fe42ff1,03461,sao paulo,SP
aac29b1b99776be73c3049939652091d,38408,uberlandia,MG
a425f92c199eb576938df686728acd20,81050,curitiba,PR
a4b8d97cd5d3674eeff96abc99d8ed67,13177,sumare,SP
080199a181c46c657dc5aa235411be3b,06097,osasco,SP
98dac6635aee4995d501a3972e047414,02030,sao paulo,SP
26d8a1c7c75d513045798992ead43aa2,86800,apucarana,PR
e6a69c4a27dfdd98ffe5aa757ad744bc,04424,sao paulo,SP
7a67c85e85bb2ce8582c35f2203ad736,03426,sao paulo,SP
48162d548f5b1b11b9d29d1e01f75a61,13403,piracicaba,SP
af4a0e4cfe1d9c26b6712b1be25a72e5,35670,mateus leme,MG
8e670472e453ba34a379331513d6aab1,36087,juiz de fora,MG
05a940b4ecae36cadfd8e93bd9c43257,74305,goiania,GO
a806a4bb063ea7ca6d374eafa50a6058,29161,serra,ES
4bf658053d453036c70976bccb2c31b2,15070,sao jose do rio preto,SP
76de363de16dacc923eec8daf91df504,89825,xaxim,SC
5275ca25d0358ca73864e0ae41be1320,07024,guarulhos,SP
86649b1632b1c0e6c0bcb2c90a8b75d8,85884,medianeira,PR
8f2ce03f928b567e3d56181ae20ae952,05141,pirituba,SP
ffa6adafb71b807dc13159e26431354c,86030,londrina,PR
75d34ebb1bd0bd7dde40dd507b8169c3,41820,salvador,BA
91f5779a8731baca4809fdeade81803f,27321,barra mansa,RJ
a1043bafd471dff536d0c462352beb48,37175,ilicinea,MG
92eb0f42c21942b6552362b9b114707d,03504,sao paulo,SP
53088c75f948b48a7ece173ac17f0c12,95840,triunfo,RS
fd386aa7bed2af3c7035c65506c9b4a3,04208,sao paulo,SP
128f9bfbe4c7d5185033914b1de3d39a,12940,atibaia,SP
81a1104df0f08b59c68aa5b03cfe398e,83020,sao jose dos pinhais,PR
5d378b73ab7dd6f0418d743e5dcb0bd1,01026,sao paulo,SP
5b33b527da3c5b969cc99dc435cad09a,87702,paranavai,PR
81f89e42267213cb94da7ddc301651da,19063,presidente prudente,SP
58f1a6197ed863543e0136bdedb3fce2,36407,conselheiro lafaiete,MG
70eea00b476a314817cefde4aad4f89a,13250,itatiba,SP
2fdde51ad3e12f297da656d4fbd5d0b5,89228,joinville,SC
7040e82f899a04d1b434b795a43b4617,01026,sao paulo,SP
1900267e848ceeba8fa32d80c1a5f5a8,14940,ibitinga,SP
0e982cff76cc0579f632cea8a0e38c9d,88316,itajai,SC
15aac934c58d886785ac1b17953ea898,29480,muqui,ES
06df0c10d34e459d9672bc77388742eb,87045,maringa,PR
198c7ea11960a9844b544d9bcdca860c,37590,jacutinga,MG
d66c11a9572221d92fbb8c4897db5f9b,20770,rio de janeiro,RJ
4e2627090e6e5b9fabba883a37897683,31565,belo horizonte,MG
15ead3a5037a918ddb520dfe39a3d2b9,36401,conselheiro lafaiete,MG
d3674f271c91f824f82d24d92011f669,72233,brasilia,DF
791cfcfe22fe4a771ece27f90017da92,14010,ribeirao preto,SP
99002261c568a84cce14d43fcffb43ea,78095,cuiaba,MT
ffc470761de7d0232558ba5e786e57b7,07091,guarulhos,SP
f12ff17ad8bbf01ec5c33b17e506649b,03186,sao paulo,SP
89c127985a8b130cfa45c1d36764017a,06016,osasco,SP
11d4c477d09821164bca4f70a2eae031,14075,ribeirao preto,SP
9e6229250fedbe05838fef417b74e7fb,16800,mirandopolis,SP
817245bcc3badd82bbd222e0366951a6,17056,bauru,SP
5011f0d93373a4c5753adf58ca77af8d,11013,santos,SP
516e7738bd8f735ac19a010ee5450d8d,22230,rio de janeiro,RJ
e067ad2c1c0b48758eb1b5228bcf7a68,11045,santos,SP
f805b96fa705ba7995a221f1749dc141,87013,maringa,PR
cb8bcce248bb1fb274ba762d8b971456,37540,santa rita do sapucai,MG
ea6b12bf9ffe2bac34602ec631d97a47,07093,guarulhos,SP
d1ef48b38baca7e831711c4a0aeb398f,86800,apucarana,PR
2ba91c7ad80ff88b23b7db823b43c233,13310,itu,SP
7901646fdd36a55f564ffaf2dbccaaf7,20021,rio de janeiro,RJ
6481e96574816ead57975da2c0f6d80d,18072,sorocaba,SP
48436dade18ac8b2bce089ec2a041202,27277,volta redonda,SP
ede0c03645598cdfc63ca8237acbe73d,14092,ribeirao preto,SP
d98eec89afa3380e14463da2aabaea72,90010,porto alegre,RS
93b9a99027bd8bd6af682aff18dd19bf,07600,mairipora,SP
db46ca7bce82b11f7e247539271fc390,23080,rio de janeiro,RJ
7994081388d55b9cf976c050653dd359,01244,sao paulo,SP
e84ad2127668df3aafc6b73531a0beb8,04613,sao paulo,SP
7ade73f1b9b4e965f9009a4c3a7e2c15,17051,bauru,SP
6edacfd9f9074789dad6d62ba7950b9c,07135,guarulhos,SP
334cab711dee080b079fa5779b584783,09190,santo andre,SP
e5a3438891c0bfdb9394643f95273d8e,13483,limeira,SP
c161d1327ebc3a156c09582ab2f59f6c,03521,sao paulo,SP
5cbbd5a299cab112b7bf23862255e43e,83324,pinhais,PR
67883baaae6134ee81b271a542613728,01310,sao paulo,SP
916748bc99315c2d202898ae58b1617e,18040,sorocaba,SP
e63e8bfa530fb16910dd6956e592bb81,07160,guarulhos,SP
d7485b33791774c36108f8c69602d48d,81020,curitiba,PR
e46bc031f2c5bae4ccb40bb90712e9b4,05174,sao paulo,SP
1430239a858e7682bbc43b20758af153,04087,sao paulo,SP
f3b80352b986ab4d1057a4b724be19d0,71200,brasilia,DF
5c603ffb38cbbf25a0e0698941324143,37004,varginha,MG
5b97c06a046398e7005b2b7c0d707a92,38770,joao pinheiro,MG
9f50216bfd01913736a55a11b55ea842,12020,taubate,SP
001cca7ae9ae17fb1caed9dfb1094831,29156,cariacica,ES
951e8cef368f09bb3f3d03c00ca4702c,14940,ibitinga,SP
d91fb3b7d041e83b64a00a3edfb37e4f,11704,praia grande,SP
c864036feaab8c1659f65ea4faebe1da,83605,campo largo,PR
01fdefa7697d26ad920e9e0346d4bd1b,86050,londrina,PR
244b04680fdbded0acf5aebd9c92b44a,13211,jundiai,SP
ad781527c93d00d89a11eecd9dcad7c1,15015,sao jose do rio preto,SP
aae5e7b457a3c72ee230a47d98fceda5,83040,sao jose dos pinhas,PR
066a6914e1ebf3ea95a216c73a986b91,85863,foz do iguacu,PR
76d5af76d0271110f9af36c92573f765,03194,sao paulo,SP
3f3486b61f45078d4f31ee5e43d8c5bb,03035,sao paulo,SP
6b3bd31ad8fcda4b2635ec9f3ff2ecdf,22775,rio de janeiro,RJ
3481aa57cd91f9f9d3fa1fa12d9a3bf7,13360,capivari,SP
e5d4b2b0c3bca22085f7a19a28de0c42,89201,joinville,SC
d94ba08b99bedd6a5f6c875ecc4a6fac,86800,apucarana,PR
7a2d2949aea47fab95fd98d6c9f618b1,81350,curitiba,PR
f1ed6bd0a9b11b581f16c851c6a5a527,90240,porto alegre,RS
1771297ac436903d1dd6b0e9279aa505,07025,guarulhos,SP
4c2b230173bb36f9b240f2b8ac11786e,03933,sao paulo,SP
d79e8478eed9999493990b44955fb22e,20081,rio de janeiro / rio de janeiro,RJ
ade45994b717ccee333492330fbf037b,87505,umuarama,PR
b5b800c4065bebf4d3442311c9857344,03561,sao paulo,SP
989becdce12ebc39863c2bceab6f3ca1,81730,curitiba,PR
2528513dd95219a6013d4d05176e391a,06060,osasco,SP
56642bcb79900e777d68e91915cb4267,03701,sao paulo,SP
897060da8b9a21f655304d50fd935913,14092,ribeirao preto,SP
1dd33b8119b3cb1056ed5dc88cd0aaf4,04710,sao paulo,SP
28fb0829fd777877cdc350d25cb5bd5b,15051,sao jose do rio pret,SP
df0f42bc4c2142eacf0eaf2cffd0cfbb,88306,itajai,SC
dc4a0fc896dc34b0d5bfec8438291c80,14940,ibitinga,SP
94c49f20a123aeb9360dbf80ff912bf6,18015,sorocaba,SP
01ed254b9ff8407dfb9d99ba1e17d923,08710,mogi das cruzes,SP
328acb143b4a73aad6bee8e734f5d20d,85865,foz do iguacu,PR
d51e0a403fe2e689ece6c73359d96e12,17580,pompeia,SP
f27e33c6d29b5138fa9967bcd445b6d5,04273,sao paulo,SP
d624126b9206f595fb3fbb6ba03b28a8,80045,curitiba,PR
bd4889b5e9133b35b66e42a8665cea5c,02963,sao paulo,SP
b5abf4f36adc043117b4fca82c22984c,72251,brasilia,DF
c3fe93ba3085f92855c97e57f38c8c05,81510,curitiba,PR
ec21206b7894c503788a684a7bc822a6,28950,armacao dos buzios,RJ
4c03b9dd4c11ee2cb35c96c49efc9420,13232,campo limpo paulista,SP
503c1de08ae81a2d86f17951b204db55,03725,sao paulo,SP
28f10b1c5e5abb9d4857745bede6147c,04250,sao paulo,SP
e9d99831abad74458942f21e16f33f92,03542,sao paulo,SP
0bb738e4d789e63e2267697c42d35a2d,18130,sao roque,SP
8c16d1f32a54d92897cc437244442e1b,89023,blumenau,SC
5882f40daf39bc2a465e0cb453ddc222,05616,sao paulo,SP
25e47381a6c510ddeb36084e33b89f0c,11720,praia grande,SP
c847e075301870dd144a116762eaff9a,38022,uberaba,MG
59fb871bf6f4522a87ba567b42dafecf,03655,sao paulo,SP
3fac58ce0ad699020c7944d53c41329c,03480,sao paulo,SP
725c32fa80c2faacc4fc88450d27314e,03320,sao paulo,SP
0a85ebe4e328db81ac9109781205e2f7,13205,jundiai,SP
1835b56ce799e6a4dc4eddc053f04066,14940,ibitinga,SP
39d54ff918774174706fb065d7f9dc07,04243,sao paulo,SP
83e197e95a1bbabc8c75e883ed016c47,25900,mage,RJ
2addf05f476d0637864454e93ba673d5,70856,brasilia,DF
f4ce8ca9fa7157e3b33f536ac9a4487d,16306,penapolis,SP
70a12e78e608ac31179aea7f8422044b,12327,jacarei,SP
82bd0703a4aefd6b599e5bfdaed378fb,17510,marilia,SP
20b54c376b794ed028df09a3cd88e8dc,09560,sao caetano do sul,SP
157c3e4b42f81ac4a44e8b1ca2fe9876,03211,sao paulo,SP
21e83881401b92b49fb09a16d3852291,38405,uberlandia,MG
d9a84e1403de8da0c3aa531d6d108ba6,03562,sao paulo,SP
d71d863e5ef30d94e440c11be17dcd8f,06144,osasco,SP
cbbd5ae8f53de5f5097cd8217b529e24,06544,santana de parnaiba,SP
b2479f944e1b90cf8a5de1bbfde284d6,14940,ibitinga,SP
1d4587203296c8f4ad134dc286fa6db0,05101,sao paulo,SP
9d39404483343dd55c7ae254494d8388,01044,sao paulo,SP
f9a02f1922d1de564392e656d82b3fda,08502,ferraz de vasconcelos,SP
e819bcfade7b5d88a27325eb6cfd62c5,07242,guarulhos,SP
6650fcccd8cd2f7e55ffa524f30c4c59,08490,sao paulo,SP
f5fea3ffed6c2e889bab72705557c63a,21240,rio de janeiro,RJ
80f2cf9abf6b5a0e5c612b5eea6646e6,15046,sao jose do rio preto,SP
5f3ae9136c875522250f8184f253413a,01550,sao paulo,SP
3ca08eeb8d5595949fed424bd3677742,82510,curitiba,PR
cb9fb4ca75d7ba8437480e8dde64fe98,03551,sao paulo,SP
5f2684dab12e59f83bef73ae57724e45,05125,sao paulo,SP
004c9cd9d87a3c30c522c48c4fc07416,14940,ibitinga,SP
b4f8921fcc4ff77b66bea6dda43dcd51,95034,caxias do sul,RS
0daf5180aa44356f60f8effa533b55a2,74043,goiania,GO
217f005bb37ff3aeef5b2ae1788e75ba,06038,osasco,SP
33cbda8716511e27e556dff9d8418bf2,89052,blumenau,SC
3bfba5a77604f6dfae7e6dd7aaf65821,86046,londrina,PR
972d0f9cf61b499a4812cf0bfa3ad3c4,88359,brusque,SC
e5bd51692380fd8cabb19b756b95e714,09220,santo andre,SP
6a51fc556dab5f766ced6fbc860bc613,17500,marilia,SP
67e43d802fde8cfd3f9580124f8167d1,07062,guarulhos,SP
f457c46070d02cadd8a68551231220dd,87047,maringa,PR
4e5725ba188db8252977a4f0227bd462,14092,ribeirao preto,SP
f19516b9ff26bfeb091b30108db4ddbd,13160,artur nogueira,SP
5a32c398a06c345440bf2a683b017ad3,21070,rio de janeiro,RJ
138dbe45fc62f1e244378131a6801526,02215,sao paulo,SP
5058e8c1e82653974541e83690655b4a,08583,itaquaquecetuba,SP
7e959205cebc10adefcb331f934238a4,01223,sao paulo,SP
d2f3e277560ed4c6361284429b00f037,12942,atibaia,SP
fa5fdc4e4bb6bd1009ad0e4ac4096562,09111,santo andre,SP
53243585a1d6dc2643021fd1853d8905,42738,lauro de freitas,BA
b1fecf4da1fa2689bccffa0121953643,79107,campo grande,MS
83d7070a0b9a8b4625fa8682b819fabb,06717,cotia,SP
782f78b632a43875dd5b53e3e49c9564,13030,campinas,SP
a8739afb32aaa45e01815ca76f76f54b,09850,sao bernardo do campo,SP
e174dc2de86d60fee178170a154c05e7,09210,santo andre,SP
f84fa566034f5e8e880a07ec624c56af,13330,indaiatuba,SP
bdf0d02d36a1d839d0c39c4a887cdd49,16200,birigui,SP
048c2757535328e0d7dac690ad3c0aae,14406,franca,SP
43f8c9950d11ecd03a0304a49e010da6,06341,carapicuiba,SP
e96498ed8daaa3e9c23f7a62da76591c,05373,sao paulo,SP
e76ecc7e9a1a1e3c6df9d2a8261c423d,30140,belo horizonte,MG
25c5c91f63607446a97b143d2d535d31,35680,itauna,MG
c3867b4666c7d76867627c2f7fb22e21,14580,guara,SP
373ee4a3a775a733770ca3f790b8b9ac,22793,rio de janeiro,RJ
6179a28a13a726c29b3bf54c070dccab,37048,varginha,MG
eddd1991bd6d9309995a480c39b95137,84010,ponta grossa,PR
a06c8ff043abea0528ee44171e2140a2,35501,divinopolis,MG
22c32ec35d0116ef02c281798a25bf8b,87043,maringa,PR
54c04bdb5ec46762f8f08c7e8f86ed4a,88037,florianopolis,SC
340636a908b13bbe0f4fb63fbe1d0c03,12240,sao jose dos campos,SP
3dbbce181edfaa4a597ec858c382d2ec,82515,curitiba,PR
6a8b085f816a1f75f92dbac6eb545f8f,14709,bebedouro,SP
624f4ece8da4aafb77699233d480f8ef,05138,sao paulo,SP
e628d4a53c109f09ca88098338b3a3f5,30170,belo horizonte,MG
88cf19ec1fc2c58f161aee259d57142c,13570,sao carlos,SP
c990d6cf976a5718aaedc539f383ab88,13145,paulinia,SP
c500367424994318b9e779ff1ae9a330,13145,paulinia,SP
7fc87cc3e89b3d1d5cabdca32f8485aa,07123,guarulhos,SP
8e2b3afb420011ef0c88c9d5f11ea526,13060,campinas,SP
440dd6ab244315c632130ecfb63827b1,15502,votuporanga,SP
fec6912baad85d41729669edd6b4d3b8,14110,ribeirao preto,SP
45d33f715e24d15a6ccf5c17b3a23e3c,18015,sorocaba,SP
e06f09ec0a4aca210779cf1cfc63cf19,04773,sao paulo,SP
8a130737016f838139d31878787a39c9,03187,sao paulo,SP
643214e62b870443ccbe55ab29a4dccf,02134,sao paulo,SP
0241d4d5d36f10f80c644447315af0bd,80330,curitiba,PR
40536e7ca18e1bce252828e5876466cc,07747,caieiras,SP
d05ae8f7a5bd1d2a690a44cd079e4e27,22775,rio de janeiro,RJ
7e26c750b4cb9f6766f58265ff9ebe95,30270,belo horizonte,MG
3c3017960b2dbd72711a61f0400aab8f,89251,jaragua do sul,SC
f543ba3c973276f519d89d59bd46cead,15030,sao jose do rio preto,SP
42fb44130ac3134cde8e35cf8ec7df25,12995,pinhalzinho,SP
e5475dcab1e07b63d7f6e902d8f5eda8,09921,diadema,SP
f5403d3f50089112c4eed37928b7f622,15600,fernandopolis,SP
edb1ef5e36e0c8cd84eb3c9b003e486d,25957,teresopolis,RJ
fe49ee029e61e789a1f3a5525f57ba8d,06018,osasco,SP
bf0d50a6410d487dc97d2baac0a8c0be,13408,piracicaba,SP
61f159ef6da2d441951d2c0efa719362,29160,serra,ES
1da3aeb70d7989d1e6d9b0e887f97c23,04265,sao paulo,SP
527801b552d0077ffd170872eb49683b,17400,garca,SP
a247197e2e9c19a6a53a6888cb8b660f,15056,sao jose do rio preto,SP
ed49da7cadefc454d6a67de249eab240,05571,sao paulo,SP
5795aebfe331fbcd02a2c4b679fb7952,88132,palhoca,SC
8e6cc767478edae941d9bd9eb778d77a,38442,araguari,MG
02dcd3e8e25bee036e32512bcf175493,32310,contagem,MG
f783a638e9c6af4a7d0dbfde811e7a81,03063,sao paulo,SP
57fe6232e67823593374a2281d7a8af8,13360,capivari,SP
afac9f6b0c4e5f0a7ee87e922cd0f873,17047,bauru,SP
0249d282d911d23cb8b869ab49c99f53,05676,sao paulo,SP
1e483cc5c76fef08d3ca05f9a8af7d01,02929,sao paulo,SP
403aa86912527d730337ffcb0fb096ab,30220,belo horizonte,MG
1025f0e2d44d7041d6cf58b6550e0bfa,03204,sao paulo,SP
891071be6ba827b591264c90c2ae8a63,03872,sao paulo,SP
4ef4c39cf3c24f326434cf0b2e48046a,05004,sao paulo,SP
431af27f296bc6519d890aa5a05fdb11,14110,ribeirao preto,SP
c1d1ebb4745cc43cb6f05e9c8a705c9a,08070,sao paulo,SP
e4fc40017a6d22c46a14ac2e17f87c3e,86702,arapongas,PR
9cad4b68bb993ee401a3c5aaa2bc26dd,16200,birigui,SP
83a75eea11694e36e56dd0cb2240229a,13905,amparo,SP
a1544b9ea0b2390e020537d4daa89049,13211,jundiai,SP
74c7dec0a384d8a05950e629bd23bde9,13845,mogi guacu,SP
08d2d642cf72b622b14dde1d2f5eb2f5,17512,marilia,SP
17e34d8224d27a541263c4c64b11a56b,14085,riberao preto,SP
ccc4bbb5f32a6ab2b7066a4130f114e3,80310,curitiba,PR
4e6015589b781adaa5ce7f1892d06bb1,11440,guaruja,SP
1f9ab4708f3056ede07124aad39a2554,17602,tupa,SP
1961c3e1272bfeceb05d0b78b5bbfdaf,07241,guarulhos,SP
b2a6d334e2833acea353624840e25a0e,04133,sao paulo,SP
768de2a4fc06aacecb9a586ccc30746a,70645,brasilia,DF
0747d5bb69f0586cc869d8af4c50f93e,28990,saquarema,RJ
024b564ae893ce8e9bfa02c10a401ece,03280,sao paulo,SP
1e9d5a33694bddb76316fd1f54734d20,78820,jaciara,MT
a6bd7d1ccdac48c6b33b28596b7eb122,58280,mamanguape,PB
3db66a856d18a9cba7c9241fc5221c50,35430,ponte nova,MG
800214c63934acd05d47e84214db8ba8,89251,jaragua do sul,SC
9b013e03b2ab786505a1d3b5c0756754,11450,vicente de carvalho,SP
79ebd9a61bac3eaf882805ed4ecfa12a,85802,cascavel,PR
d06d019f72a04e5497a0b64190af170c,06703,cotia,SP
c731d18cea9bf687ffee82a241c25b11,89701,concordia,SC
9a03a4e9eb0b947652fae4f6121a3f5e,15805,catanduva,SP
f326006815956455b2859abd58fe7e39,15601,fernandopolis,SP
5962468f885ea01a1b6a97a218797b0a,82040,curitiba,PR
3d0cd21d41671c46f82cd11176bf7277,89217,joinville,SC
f84a00e60c73a49e7e851c9bdca3a5bb,20756,rio de janeiro,RJ
9d681c7e12db302cb261e721040dde65,80330,curitiba,PR
71271995e85f5b8530be99ed54a91b89,91360,porto alegre,RS
f9f68daa2af419d38f745478bcb3da1a,13180,sumare,SP
70125af26c2d6d4ef401a1d02ae7701f,74435,goiania,GO
1a3df491d1c4f1589fc2b934ada68bf2,89224,joinville,SC
5b925e1d006e9476d738aa200751b73b,04567,sao paulo,SP
1cbd32d00d01bb8087a5eb088612fd9c,03363,sp / sp,SP
e0a366315b1b726b6c7832d664c0f530,02258,sao paulo,SP
08061dc0fc165ed41288cc7acde738ee,06036,osasco,SP
80146bc52c4f6af5239b23de2a20262b,06753,taboao da serra,SP
271c58a1d139c45eaf3316107c6d3a3b,03632,sao paulo,SP
e560e4022d8f7aebf155db95946c5c0f,31110,belo horizonte,MG
e3dd723429d1b23614b7fa85e2c7a853,09810,sao bernardo do campo,SP
bdb3edbaee43a761e2d4f258dc08f348,18680,lencois paulista,SP
6750d71153f00fc58829af2a8ef1bcf1,28800,rio bonito,RJ
1d2732ef8321502ee8488e8bed1ab8cd,20031,rio de janeiro,RJ
fb89df7f89fd1b8f03fa2acca1ba7364,85853,foz do iguacu,PR
d8c7ba53e7e38711eaef8c2849d6d2e1,87120,floresta,PR
b77a27b1864483e721dc831d5ba4afa0,25251,duque de caxias,RJ
b19f3ca2ea475913750f25a5c37c8d8f,35501,divinopolis,MG
b16d3dadc47d4eb18be3d88bad0775ce,93608,estancia velha,RS
45ba18c210d42734ec52c0c1c574e9ee,18130,sao roque,SP
52562a9f449c3dc3d53f5f5b9ed74903,59152,parnamirim,RN
1127b7f2594683f2510f1c2c834a486b,13087,campinas,SP
7caa63f175b1cecbfaadd8b5ab9998c7,02750,sao paulo,SP
c31eff8334d6b3047ed34bebd4d62c36,13322,salto,SP
c200c73f9d7e5a08ca439d6a0803da7c,83507,almirante tamandare,PR
94144541854e298c2d976cb893b81343,94451,viamao,RS
f00e21b1e91a79653163b7fd8f293ff1,37795,andradas,SP
7b7ed56ae755e2880f2b69632e839c1e,74230,goiania,GO
2379bdc3888025689a9deb7b141507d5,13806,mogi mirim,SP
730937bf88cb151eb2eb849f642fc213,13500,rio claro,SP
16090f2ca825584b5a147ab24aa30c86,12940,atibaia,SP
b561927807645834b59ef0d16ba55a24,02955,sao paulo,SP
0aa124728afc1131dff5655f4c6f487b,37135,alfenas,MG
729b2d09b2a0bdab221076327f13d050,17320,mineiros do tiete,SP
14d7985702e72162bbf13b6beb74ab2b,09131,santo andre,SP
cc63f0dd2acba93ffed4fe9f8e0321fa,15025,sao jose do rio preto,SP
85d9eb9ddc5d00ca9336a2219c97bb13,31255,belo horizonte,MG
113e3a788b935f48aad63e1c41dac1bd,12570,aparecida,SP
36890be00bbfc1cdb9a4a38a6af05a69,06040,osasco,SP
184a67a8f9f63234d3a92340bbdb727f,89220,joinville,SC
86bb7c4b535e49a541baf3266b1c95b1,14401,franca,SP
232a6014e7b10cba61c6c2b2ea6bb4b0,16500,cafelandia,SP
8160255418d5aaa7dbdc9f4c64ebda44,14940,ibitinga,SP
a7f13822ceb966b076af67121f87b063,08577,itaquaquecetuba,SP
c003204e1ab016dfa150abc119207b24,07790,cajamar,SP
58b98ccb79873e04eac4357cacc590d9,13043,campinas,SP
d65f31d2413268e671989503f6cf9993,13160,artur nogueira,SP
bba74270a87732727b5a3b4fd9ac1c39,32604,betim,MG
6d988d6174a2c27441597174f8905515,87070,maringa,PR
6b803197e03abd5056b4313306b4f29d,01123,sao paulo,SP
a44fb5a447105f8469bdf16bf9159f25,91920,porto alegre,RS
6c77cd583b36a13aacccf2b3ee23e233,17505,marilia,SP
5ef131ac72773e5b3f6c0d63cf424657,14075,ribeirao preto,SP
5debea795b07621e1f90532e18f96145,86800,apucarana,PR
e8b3a3a38279a82f0e5d006d5e5b7d2c,87230,jussara,PR
1660ad786c27fd935378b6192a90b417,09891,sao bernardo do campo,SP
42fa4ee7240e9b8eb4576358ec142ba7,95012,caxias do sul,RS
9803a40e82e45418ab7fb84091af5231,75901,rio verde,GO
2eeb6531ee027a48d401e72bebdd87d3,12230,sao jose dos campos,SP
7fe21dd00d2f4943ae09525efa2fd674,20551,rio de janeiro,RJ
beadbee30901a7f61d031b6b686095ad,07097,guarulhos,SP
165fc07beebdcb6190fba8a06db2a449,87015,maringa,PR
7daca0837f033a41a6f3428c18657533,15170,tanabi,SP
7d456afc660226829370f3173d14520c,08820,mogi das cruzes,SP
87e24fc7052259b1f7f607d61c10d8be,05734,sao paulo,SP
747e73c01a4593d4cf60dcf970fd2689,55602,vitoria de santo antao,PE
e49c26c3edfa46d227d5121a6b6e4d37,55325,brejao,PE
ec2e006556300a79a5a91e4876ab3a56,03445,sao paulo,SP
4e7c18b98d84e05cbae3ff0ff03846c2,14882,jaboticabal,SP
d650b663c3b5f6fb392b6326366efa9a,06713,cotia,SP
1996942dc085d7773ba77a529b163cd0,14850,pradopolis,SP
ad87df7699e83b8a91822a4a0b765c3a,13820,jaguariuna,SP
e5899683388855d3dabe8913bbe365de,13575,sao carlos,SP
ea00f977a203ff88adf7057cb7806998,11085,santos,SP
d73cbd89533ce8b041a9190241453ac8,36525,guiricema,MG
229c3efbfb0ea2058de4ccdfbc3d784a,30190,belo horizonte,MG
aaed1309374718fdd995ee4c58c9dfcd,89120,timbo,SC
3f995f07c49d0d55a99d5c54957f7d81,06853,itapecerica da serra,SP
8b321bb669392f5163d04c59e235e066,01212,sao paulo,SP
3dc69bf2c42f0568a5c4791ec3fd3745,02880,sao paulo,SP
c42fd8e4d47dfb18ce5222f2dd7752f9,06246,osasco,SP
87d30a6a0cbf89356e49324971ab1d24,02036,sao paulo,SP
ba5daa4041e1f15cdf34b76e3e18a450,04363,sao paulo,SP
e4f121bf6ef8b9a1d4d3e65dd0473fab,15085,sao jose do rio preto,SP
b6dc74ed30f124f95227bed4e43a3bed,86702,arapongas,PR
8603f0038fe0e52fedd3382d266723de,88495,garopaba,SC
1ce3ae5a399804d1a87e706f8a813c3e,88715,jaguaruna,SC
2138ccb85b11a4ec1e37afbd1c8eda1f,08250,sao paulo,SP
33cbbec1e7e1044aaf11d152172c776f,95705,bento goncalves,RS
6b90f847357d8981edd79a1eb1bf0acb,07152,guarulhos,SP
d9d43faf741ceaa8da52fdbb81d9e0e3,36010,juiz de fora,SP
42b729f859728f5079499127a9c2ef37,03910,sao paulo,SP
ccf8813e5a7d6c84d865cd38bfc2b130,12080,taubate,SP
323ce52b5b81df2cd804b017b7f09aa7,03306,sao paulo,SP
4b1eaadf791bdbbad8c4a35b65236d52,14092,ribeirao preto,SP
bd697db56ff8e7c9cd1abeb7f72029b2,03533,sao paulo,SP
d57e18d5f73c7ccb7f7339b61166898d,03613,sao paulo,SP
dd2bdf855a9172734fbc3744021ae9b9,31255,belo horizonte,MG
bb7a14e229b1c95156719c3d9552eeee,23095,rio de janeiro,RJ
6b536a23086fba0d58c08d68814397f6,24346,niteroi,RJ
2a5b78b41cd05baeac8df54c6606b92c,35570,formiga,MG
b33aaadd1a8891d2dfef0c4c3bdf0371,13481,limeira,SP
7c67e1448b00f6e969d365cea6b010ab,08577,itaquaquecetuba,SP
b5e3e38609125694d2ea2417522a60b7,88020,florianopolis,SC
7e1fb0a3ebfb01ffb3a7dae98bf3238d,14403,franca,SP
b98b715fe9e276204e2a3464f48cd796,03827,sao paulo,SP
60562ab00b8054280520d390c8c0045c,04809,sao paulo,SP
0bae85eb84b9fb3bd773911e89288d54,88301,itajai,SP
8c0de775f52fe41590b376a3b7c50f68,13178,sumare,SP
5b8154610ebb21fb90eb587365e673df,12246,sao jose dos campos,SP
817f85dbb65aa3e70831d90fe75cdf89,18530,tiete,SP
e99e927c81e3f51739c94fcdfca9f10f,38400,uberlandia,MG
729f06993dac8e860d4f02d7088ca48a,13481,limeira,SP
50770d25768b0486d89be26afca3108f,09271,santo andre,SP
7ad32824caee82087b3e2e5f33b1bf32,14940,ibitinga,SP
5c3460cd3e8a984382ae254e7dd20d9f,15085,sao jose do rio preto,SP
43402bdf22aa2310e8f99e2f94f78628,09434,ribeirao pires,SP
53d00c40e32aeb924a84ce72b1af869d,14940,ibitinga,SP
98e164d549402270247f3c96a1a158ef,05083,sao paulo,SP
4e42581f08e8cfc7c090f930bac4552a,13660,portoferreira,SP
75fbb52eda0cbc24f479d3b2fbfa8d3e,74560,goiania,GO
bf84056e679dbe9c69929847a40e338f,02537,sao paulo,SP
b5f0712d22a873b6797ab6cc65c3fcba,02316,sao paulo,SP
ca4b77513ac2040591b0d8fae6958380,09190,sando andre,SP
a3f0b55de503387383c7b1de3ad7f678,82400,curitiba,PR
c6381d2d013342748761e906d45aff76,93180,portao,RS
ecccfa2bb93b34a3bf033cc5d1dcdc69,81810,curitiba,PR
e09887ca8c7bf8a4621ce481820414ef,08431,sao paulo,SP
318f287a62ab7ac10b703ac37435a231,04773,sao paulo,SP
cb41bfbcbda0aea354a834ab222f9a59,03520,sao paulo,SP
51702dc2a3e106c76dbff722b5bf0726,13835,conchal,SP
070d165398b553f3b4b851c216b8a358,03916,sao paulo,SP
c510bc1718f0f2961eaa42a23330681a,13330,indaiatuba,SP
8cf21434553b02cbd37c0bbd07e041b0,88102,sao jose,SC
3d01d1c414c44b5943a09619ff3853cb,13040,campinas,SP
40db9e9aa57f7bb151bcda6b0f9bdbb7,52010,recife,PE
960945e1a9535cbc0cd6ddd35fbe7ae8,08290,sao paulo,SP
5a8e7d5003a1f221f9e1d6e411de7c23,13076,campinas,SP
3bb548e3cb7f70f28e3f11ee9dce0e59,87040,maringa,PR
11bfa66332777660bd0640ee84d47006,14085,ribeirao preto,SP
dbb9b48c841a0e39e21f98e1a6b2ec3e,03929,sao paulo,SP
6562efe88ce0826a4ca4f189f03b4b84,87005,maringa,PR
9de4643a8dbde634fe55621059d92273,89225,joinville,SC
fffd5413c0700ac820c7069d66d98c89,13908,amparo,SP
3c7c4a49ec3c6550809089c6a2ca9370,03804,sao paulo,SP
822bad9bc42b51213ba522fe87b7ab5d,88330,balneario camboriu,SC
3fd1e727ba94cfe122d165e176ce7967,14802,araraquara,SP
9646c3513289980f17226a2fc4720dbd,12215,sao jose dos campos,SP
1b1ae47a313a825a7ccceb8e2e30fa9d,83450,bocaiuva do sul,PR
d1e2fe627180431ffda076abb303c56f,25900,rio de janeiro,RJ
325f3178fb58e2a9778334621eecdbf9,06790,taboao da serra,SP
8ae520247981aa06bc94abddf5f46d34,88370,navegantes,SC
11eac105f3f90a9b87b19c89d91e24f3,07411,sao paulo,SP
af7cdac9d9897cddead9c6b08976c642,18500,laranjal paulista,SP
8a32e327fe2c1b3511609d81aaf9f042,02443,sao paulo,SP
0873d9f8f36123f8d910f4760e788cfb,06465,barueri,SP
b76dba6c951ab00dc4edf0a1aa88037e,03237,sao paulo,SP
0887a9f087bcd5d9f6642b52f897fc6c,11990,cananeia,SP
6aa3928696eab49a19a466e665a649fd,26285,nova iguacu,RJ
debe6615cd90cc0c2eac2b8988e1f628,04282,sao paulo,SP
62d977e2b2aee830de3e039a28490d12,80410,curitiba,PR
2199e7fe213c16213bf5d6a7eadc9a5d,11900,registro,SP
ead2bab70821ea148476ae9bc08548ac,31980,belo horizonte,MG
0885aaf116795758dfeb5f1032487bcd,08541,ferraz de vasconcelos,SP
fe701d88b67eaca109dffd464d1be9f9,24900,marica,RJ
4f40d2ed38d1cc945364a7cd202a82c7,02337,sao paulo,SP
89bc797e2e29667aa035d4368f9b7f92,02969,sao paulo,SP
4ce6e5f6c52515177e18c1c9361d8677,09895,sao bernardo do campo,SP
f789d2c4f2c2eb38fc4373e7a4b35264,36010,juiz de fora,MG
87b740daf17b5d1be335a64164ec6842,08615,suzano,SP
e2aee0892199b1d92530e371abd825bf,86600,rolandia,PR
ec8879960bd2221d5c32f8e12f7da711,13253,itatiba,SP
a3dd39f583bc80bd8c5901c95878921e,41342,salvador,BA
e2c92f9c1c7746d899d18f2e158bbff7,15054,sao jose do rio preto,SP
4cf490a58259286ada5ba8525ba9e84a,14910,tabatinga,SP
116ccb1a1604bc88e4d234a8c23f33de,09850,sao bernardo do campo,SP
430315b7bb4b6e4b3c978f9dfa9b0558,04857,sao paulo,SP
406822777a0b9eb5c50e442dd4cd3ec5,18500,tatui,SP
4dbd95a08b31ede5c82d3f861cb1ce1a,80210,curitiba,PR
5206cc4bc2297c833e6061c49bf9c43f,06192,osasco,SP
276677b5d08786d5dce7c2149dcce48b,31730,belo horizonte,MG
01bcc9d254a0143f0ce9791b960b2a47,76400,uruacu,GO
39c763cca83e654764b7a4a650fb9b7c,74563,goiania,GO
7d13fca15225358621be4086e1eb0964,14050,ribeirao preto,SP
b14db04aa7881970e83ffa9426897925,18048,sorocaba,SP
17adeba047385fb0c67d8e90b4296d21,07052,guarulhos,SP
7142540dd4c91e2237acb7e911c4eba2,16301,penapolis,SP
8e6d7754bc7e0f22c96d255ebda59eba,12233,sao jose dos campos,SP
5acd070dd3fe441bbb2ec1f1ede515ee,13203,jundiai,SP
6d803cb79cc31c41c4c789a75933b3c7,14600,sao joaquim da barra,SP
48fb026ed7455a42f5d3e9390ed5088e,27321,barra mansa,RJ
e1b12447a7563944843191754aeb5562,07145,guarulhos,SP
ceaec5548eefc6e23e6607c5435102e7,03821,sao paulo,SP
fa7ad8ae9bcb2c4493fdf38e96b1d74f,13920,pedreira,SP
f5f2ab9bdb6b30c14c61be68c5ed37da,13660,porto ferreira,SP
8ed8ea9a57c862f2c18c2fe41f601d56,89030,blumenau,SC
fac35d150712afb921ec59ac5f39bb11,38650,bonfinopolis de minas,MG
723a46b89fd5c3ed78ccdf039e33ac63,93310,"novo hamburgo, rio grande do sul, brasil",RS
3504c0cb71d7fa48d967e0e4c94d59d9,09350,maua,SP
e644cbadf7eeb30d0d29f335ce7d52ec,03029,sao paulo,SP
99eaacc9e6046db1c82b163c5f84869f,14400,franca,SP
e0487761face83d64fcada2408959a36,01021,sao paulo,SP
054694fa03fe82cec4b7551487331d74,15840,itajobi,SP
04e38a233f726ef161074ab1c9b0399a,01239,sao paulo,SP
b8578d2d823bd8e251f6fdd02b40902d,89069,blumenau,SC
47efca563408aae19bb7206c2d969ea9,64033,teresina,PI
52f976b17ea7f2f087f56dcc419328f6,86820,california,PR
bc503e244f187939d10c92a5c8e378ce,16200,birigui,SP
59417c56835dd8e2e72f91f809cd4092,13480,limeira,SP
d379f449f2a3b271bc01c0782020f705,35500,divinopolis,MG
6560211a19b47992c3666cc44a7e94c0,05849,sao paulo,SP
ff4ea69c2a729e83e63c7579e4ef8170,07071,guarulhos,SP
5343d0649eca2a983820bfe93fc4d17e,09270,santo andre,SP
715bbd5ba4e6b74cb0d2f29eb45058b0,13930,serra negra,SP
4c18691b6037662be2df78a765d98ab5,03167,sao paulo,SP
72c38a04bd6a1c3dbc5298425a0db86d,85804,cascavel,PR
966cb4760537b1404caedd472cc610a5,09920,diadema,SP
f5f1f2c5f923f36ad79ea1d07185ddc9,19820,taruma,SP
be9a160a9011f627c3e121d076c1ec7b,89256,jaragua do sul,SC
eb4a59a06b3948e851a7d7a830bcbc42,41820,salvador,BA
2a84855fd20af891be03bc5924d2b453,30111,belo horizonte,MG
278b6e0b20c4f61fefaa0577943d7a35,88316,itajai,SC
cb5df0dcb9e280b1780e9d589889f2c7,15115,bady bassitt,SP
2eb70248d66e0e3ef83659f71b244378,13101,campinas,SP
c6bda72e4dbf5c5866b13cb1810c6d03,03087,sao paulo,SP
dbc22125167c298ef99da25668e1011f,37564,borda da mata,MG
9b00ed88b7fdb95d6ff76e27c1b52d16,08215,sao paulo,SP
257e61d3251fb5efb9daadddbc2cf7ca,86804,apucarana,PR
1dfe5347016252a7884b694d4f10f5c4,14940,ibitinga,SP
48efc9d94a9834137efd9ea76b065a38,81130,curitiba,PR
68f86ba270525243e68ae74044f992b9,21941,rio de janeiro,RJ
cd52a8efd71af3336b14b5039b951cc1,88136,palhoca,SP
77e4abfd739aed9c46480f90f81c0eb4,70767,brasilia,DF
f593898ec748b7a8cb81fc04edafd98a,13920,pedreira,SP
e3b4998c7a498169dc7bce44e6bb6277,03635,sao paulo,SP
20cb7c2fde3e5bf10f0bbe7394e1c6a9,86385,andira-pr,PR
392e0502231ae2f8b29994ef6398cd77,18760,cerqueira cesar,SP
cfe94489ddd337d1e29e12f2a7205d10,03178,sao paulo,SP
e256a62e0ac58c0edfba09966142d561,81320,curitiba,PR
60da8bfa7eebe230b7d66ac4082d79b3,15940,fernando prestes,SP
92992bec39dde5766f590d3b1f46d465,04310,sao paulo,SP
cc3d14116804f7209f3884f6367f1152,82940,curitiba,PR
666658b8da8370f30e1f89893b1de5e6,03658,sao paulo,SP
213b25e6f54661939f11710a6fddb871,13321,salto,SP
557f22c76691849db52d2abccf0015d0,75650,morrinhos,GO
2e1c9f22be269ef4643f826c9e650a52,04850,sao paulo,SP
58e4b302b54937e55a678c4d15111da4,83402,colombo,PR
c35affa65afd250151285c5917fc1c8a,08050,sao paluo,SP
3a4127e1ba7208ea37044c5092aae170,08226,sao paulo,SP
a6fe7de3d16f6149ffe280349a8535a0,14401,franca,SP
d12c926d74ceff0a90a21184466ce161,02634,sao paulo,SP
eba88037e1dca898cd02881f67ced679,03647,sao paulo,SP
0ed6ce5d87fd9c69eaacaeb778d67235,13473,americana,SP
052577151711aec5c744fe12e66db3e1,89136,rodeio,SC
c37b2059d4f90d4feead554e5246565e,05170,sao paulo,SP
6879c4d287a8dd06b11f54ea8f78e4da,06186,osasco,SP
0ebd97a106433a45a4aebe57c1799778,32240,contagem,MG
902c99f1ac505c0d18778b61bcd636f7,13840,mogi guacu,SP
e1dc0754bada9ee4cfe9713f22f61292,25035,duque de caxias,RJ
b74d1c09cb380e1d03a6f859c6f4224b,20061,rio de janeiro,RJ
8d79c8a04e42d722a75097ce5cbcf2ef,61658,caucaia,CE
15cd6eefe58588619aaed41dfa6621b1,35400,ouro preto,MG
acadd4d36859671cb635527c6c977533,14270,santa rosa de viterbo,SP
abbf6046bbdf1028606a5bc7f00c99e7,89820,xanxere,SC
3078096983cf766a32a06257648502d1,13720,scao jose do rio pardo,SP
dfc475d54e1b6dbeeb7d7d9bdaa63827,81460,curitiba,PR
0afccdb8a34ee5c79f7c06faf2b4d56e,38400,uberlandia,MG
deaadd805612bf94faaa9fa702516e11,05756,sao paulo,SP
c0e6839516f5398edc34adf5f1d53d1a,11430,guaruja,SP
d7b2377bae6ace1b11fc69a11900ac36,02415,sao paulo,SP
b7ed9fb14c8eadb37adb9c45d67ab0fb,12331,jacarei,SP
e5e33c0d8e7e002f398f5dc4cbbb338f,17032,bauru,SP
cb3dd9ce66268c7a3ca7241ac70ab58c,03028,sao paulo,SP
9558aa23f77a9e0a0eca83540999f43b,86801,apucarana,PR
f8d5c7085db9a4ad2b8c1ffbeb2798c8,04104,sao paulo,SP
ea1776927851da2532aa70d6a32c095a,08223,sao paulo,SP
09883d9ab71c8fe8a9bfc7fc3075b07e,08180,sao paulo,SP
b17b679f4f5ce2e03ce6968c62648246,14090,ribeirao preto,SP
2b3e4a2a3ea8e01938cabda2a3e5cc79,04733,sao paulo,SP
46dc3b2cc0980fb8ec44634e21d2718e,22240,rio de janeiro,RJ
6ee85be3693ed79a8e80718743d80655,03937,sao paulo,SP
880eda903e719a5f179f7e9fceb3a69d,14610,ipua,SP
61b18775be84fb700a6b2d0ba097bf66,14808,araraquara,SP
74871d19219c7d518d0090283e03c137,04650,sao paulo,SP
d6cd01c59123df02fc226eadbadb5f89,01207,sao paulo,SP
270d3ef21830ad0ecf3a6c53d08a533a,06380,carapicuiba,SP
ac51cac5e20d69ff485a54746488ef48,14096,ribeirao preto,SP
1fe5540d7c1c37a595fefbacd5570d9e,25850,paraiba do sul,RJ
ceb7b4fb9401cd378de7886317ad1b47,22790,04482255,RJ
87142160b41353c4e5fca2360caf6f92,90230,porto alegre,RS
fa1c13f2614d7b5c4749cbc52fecda94,13170,sumare,SP
638cba8be1fb599bbb76fd6948351eb3,12242,sao jose dos campos,SP
34d1ca11b242c0fee2c834ae8d788566,36415,congonhas,MG
f46490624488d3ff7ce78613913a7711,07194,guarulhos,SP
f61c63d13f7cd800549d5acdd390ae72,18185,pilar do sul,SP
9674754b5a0cb32b638cec001178f799,04438,sao paulo,SP
d3dcf0604eabf0224fbd5948b5e02f69,03654,sao paulo,SP
9d213f303afae4983637247556438ede,14940,ibitinga,SP
cbf09e831b0c11f6f23ffb51004db972,09726,sbc/sp,SP
b32be1695eb7ec5f10f72d9610a12527,95012,caxias do sul,RS
92d14edfb62ee5ae7fdff70b0f4e7233,09810,sao bernardo do campo,SP
e3e15e2c0b9700561efac21c6be48066,05315,sao paulo,SP
701938c450705b8ae65fc923b70f35c7,15014,s jose do rio preto,SP
fe2032dab1a61af8794248c8196565c9,13030,campinas,SP
4b9750c8ad28220fe6702d4ecb7c898f,13484,limeira,SP
8b87cd0d43d49b9bdf40f56229364d59,04111,sao paulo,SP
2e0dba2da448400b1c11d7b4b22f32a4,09070,santo andre,SP
3d5d0dc7073a299e31fa718ce1bc00b6,22785,rio de janeiro,RJ
5f5b43b2bffa8656e4bc6efeb13cc649,04880,sao paulo,SP
87f3e35268860433e13d577825aada95,12955,bom jesus dos perdoes,SP
c60b801f2d52c7f7f91de00870882a75,07174,guarulhos,SP
3820c6537b3853be1a0687d5a60807ec,06717,cotia,SP
2cb98e27ce1c18abdb42209b34c382a7,14085,ribeirao preto,SP
1eade46fba20122dc4aefb379f8c636b,02066,sao paulo,SP
888faa8bfb0b159c37de6d898b961c31,88750,braco do norte,SC
41c9d3997dd3c072c31139dc5bb5761f,38182,araxa,MG
dc317f341ab0e22f39acbd9dbf9b4a1f,94910,cachoeirinha,RS
79ed755314cfe6df0daef2c6cd3022cd,13503,rio claro,SP
b410bdd36d5db7a65dcd42b7ead933b8,74645,goiania,GO
09bad886111255c5b5030314fc7f1a4a,01022,sao paulo,SP
e433f5fd4050e3352b5d83522b7fe24b,86702,arapongas,PR
df560393f3a51e74553ab94004ba5c87,87900,loanda,PR
6c177e38df6d3f34182b1f1d427231bf,80430,curitiba,PR
49e7217cfe4e427191c378ec626d8737,35570,formiga,MG
4e922959ae960d389249c378d1c939f5,12327,jacarei,SP
ffdd9f82b9a447f6f8d4b91554cc7dd3,80030,curitiba,PR
6b333a05bf188ef3e1f1662a86bd9855,72304,brasilia,DF
850f4f8af5ea87287ac68de36e29107f,04367,sao paulo,SP
afa6714acee029b2dfdf357e5579cc03,13690,descalvado,SP
30a2f535bb48308f991d0b9ad4a8c4bb,13457,santa barbara d'oeste,SP
c70a353f02429c00775a46a75fb787da,08275,sao paulo,SP
575df70bde3f9f2b30bf8d2e9910d725,15075,sao jose do rio preto,SP
ca7c6bd577e559472af1c699de9e764e,09812,sao bernardo do campo,SP
9d5604a1f112324ad6b2aa552122e0fb,88075,florianopolis,SP
f235413f677777a0738ff215d0184901,17250,bariri,SP
7e3f87d16fb353f408d467e74fbd8014,04809,sao paulo,SP
269cff2d3c8d205c11f37a52402ea93b,15803,catanduva,SP
b39d7fe263ef469605dbb32608aee0af,14940,ibitinga,SP
0d85bbda9889ce1f7e63778d24f346eb,38414,uberlandia,MG
d5c530f4884a75ae0dba9c148718d278,35660,centro,MG
23d7c96d4a1160db1c726b248601b25a,13360,capivari,SP
c0563dd588b775f2e37747ef6ad6c92c,09220,santo andre,SP
1992f8fb6b19fcccd97ca819811e7267,01403,sao paulo,SP
63bc58679c44e8a998792119fd7ad23e,05595,sao paulo,SP
c64a2aec32cc408a8a4c6d7c46017f91,95625,imbe,RS
a2deecd5398f5df4987110c80a1972a3,05043,sao paulo,SP
5656537e588803a555b8eb41f07a944b,72015,brasilia,DF
53e4c6e0f4312d4d2107a8c9cddf45cd,13920,pedreira,SP
835f0f7810c76831d6c7d24c7a646d4d,08030,sao paulo,SP
961dff0a659b4561334372337dd897d9,21510,rio de janeiro,RJ
218d46b86c1881d022bce9c68a7d4b15,14070,ribeirao preto,SP
2745f798279e0ed033addcc1474776d7,03106,sao paulo,SP
26e2c91ef821e1ff8985f408788fe35b,14940,ibitinga,SP
35b96509602ec4b7da831b5cd73ff2c2,93040,sao leopoldo,RS
23ca5f678e0b3ea6c630b30fa8bf51ea,02839,sao paulo,SP
080102cd0a76b09e0dcf55fcacc60e05,31140,belo horizonte,MG
4a3ccda38b2129705f3fb522db62ca31,17504,marilia,SP
9b1050e85becf3ae99c1cf4934c9bc5d,39400,montes claros,MG
34056b8b55c1775a22af2331670a799c,16304,penapolis,SP
23c38debaffe4a25a30fdbd9b586a13f,18110,votorantim,SP
47f55702f598c7c6cc8458b0fbc1c49a,36213,dores de campos,MG
827f8f69dfa529c561901c4f2e0f332f,81880,curitiba,PR
fa74b2f3287d296e9fbd2cc80f2d1cf1,19023,presidente prudente,SP
f125f3a310c2e5f822d116147de1e474,03068,sao paulo,SP
2709af9587499e95e803a6498a5a56e9,03813,sao paulo,SP
bce6a5ecf98e99fd2a8868b15c51f04b,07180,guarulhos,SP
f307937c1bb287c3efc2a514b94b0d1d,38183,araxa,MG
5c243662ce92d84573bfaff24c3e3700,03702,sao paulo,SP
9535a841eecebed61a9fb1ac1cbb5597,01208,sao paulo,SP
44f091b5abab8018f682fce8124b85e5,02281,sao paulo,SP
dfc5fb7259bb2b599ca565e6e9448f0f,09780,sao bernardo do campo,SP
42bde9fef835393bb8a8849cb6b7f245,71551,brasilia,DF
05f51e13da97139648b8125c31e5f51b,31910,belo horizonte,MG
eb3071b9f0b0ddaa2df5ea130f09f26b,04281,sao paulo,SP
7bac63f6603d382cc8d0832eb6c100a8,05713,sao paulo,SP
2a1348e9addc1af5aaa619b1a3679d6b,30494,belo horizonte,MG
ef506c96320abeedfb894c34db06f478,03569,sao paulo,SP
7b07b3c7487f0ea825fc6df75abd658b,02016,sao paulo,SP
b9a03475e6447e631b6799ec8274800f,85830,formosa do oeste,PR
4c498c7345e89aebad651544829beca0,06341,carapicuiba,SP
02f5837340d7eb4f653d676c7256523a,80620,curitiba,PR
7178f9f4dd81dcef02f62acdf8151e01,89560,videira,SC
f0ec6a2adb05c62655a26dd347b8dede,01303,sao paulo,SP
3bdff180c7e1f6551a643b99c265a120,04811,sao paulo,SP
cea729054f157f5870bdd321a958d994,03161,sao paulo,SP
d3f39f05462b79a4562d35893a28f159,13730,mococa,SP
e9bc59e7b60fc3063eb2290deda4cced,87083,maringa,PR
6f229cc508fc6915ed5c499efd93baa4,21931,rio de janeiro,RJ
62c50c1af4dfdc4149d25c5222043d39,04782,sao paulo,SP
d354c38a7182125a748cb10474fe963b,28495,aperibe,RJ
5f26c1408a65b42a7224cd463bdf3292,86707,arapongas,PR
dc50afafdfa325eadc890c7fa42a8f4e,87050,maringa,PR
1690cada046eb7e92c12f98b1f8a8167,01303,sao paulo,SP
3e8bd881d92466e63ba9e3e809cd3c50,20751,rio de janeiro,RJ
6c7d50c24b3ccd2fd83b44d8bb34e073,19025,presidente prudente,SP
c84592044b180dec206770c38603814b,01026,sao paulo,SP
718539d38d07dd351c76db862760e2e2,13088,campinas,SP
8a87611c08849ffeeccab52aa798b6c7,82940,curitiba,PR
febab0275244b9a49a623f0bd613ca2f,13920,pedreira,SP
f3da5b2ff499efb8d4a6d371d175d7dd,02407,sao paulo,SP
25debeafbce801fdd479539350185eee,17350,igaracu do tiete,SP
13fa2a6c6b9d0f43cb588d7c82117a12,03567,sao paulo,SP
640e21a7d01df7614a3b4923e990d40c,14940,ibitinga,SP
4d600e08ecbe08258c79e536c5a42fee,85988,entre rios do oeste,PR
f52c2422904463fdd7741f99045fecb6,09230,santo andre/sao paulo,SP
bf00385a5f7fc1ef39a13c2e9ee50a5f,01224,sao paulo,SP
ed859002ad59dbf8cf3602696a6c3000,86035,londrina,PR
12b9676b00f60f3b700e83af21824c0e,95780,montenegro,RS
2f74af7a0ee5636f12c2336f9fffed47,02376,sao paulo,SP
04fdea0c111866e6cf812f1570d6b5bd,08411,sao paulo,SP
91f0eec23d4a61d7d7caeefa3f0ad1ca,88704,tubarao,SC
5dc4bdaf869e8c77c648078cbe8d59c2,88035,florianopolis,SC
57df9869a600bd6b7c405f2a862eccfb,37540,santa rita do sapucai,MG
ce248b21cb2adc36282ede306b7660e5,89251,jaragua do sul,SC
13f57c12a00ed4610db646b913a7f5c6,11015,santos,SP
6039e27294dc75811c0d8a39069f52c0,06162,osasco,SP
bc07d855eac23aab5ac8a120f21d16b2,08710,mogi das cruzes,SP
93dc87703c046b603023e75222018b45,30315,belo horizonte,MG
6a0cbc8af2e8abd1bdfb777943d174c6,14312,batatais,SP
582d4f8675b945722eda7c0cb61ba4c7,11250,bertioga,SP
02f623a8eb246f3c5f7c2f96462654e6,18611,botucatu,SP
94e93ce877be27a515118dbfd2c2be41,15502,votuporanga,SP
c4d51195486dc781531876a7d00453d8,19023,presidente prudente,SP
c33a5c3c983090c8b78a28e65052a20d,88802,criciuma,SC
0ffa40d54288e4f3499b8780dd0f144f,19013,presidente prudente,SP
7dc8c42cc750eeafea6c85712ffee9bf,05424,sao paulo,SP
8d92f3ea807b89465643c219455e7369,03052,sao paulo,SP
1ca4bdb0cd7fc48e949bac066188ed26,36773,cataguases,MG
ad738d3fcf42655ed15c4960b7b6c601,93425,novo hamburgo,RS
ebd2d60905fb58271facef5596b620d3,18683,lencois paulista,SP
530ec6109d11eaaf87999465c6afee01,85807,cascavel,PR
04aba03279157f6d4e0fe8ccaf21963c,28470,santo antonio de padua,RJ
e601b04acf48b4576e73ddca9481f0dc,04476,sao paulo,SP
a49928bcdf77c55c6d6e05e09a9b4ca5,03017,sao paulo,SP
51ed72984a04e5dd35c2b27e77179038,15050,sao jose do rio preto,SP
04308b1ee57b6625f47df1d56f00eedf,88215,bombinhas,SC
dc7192adf8ba09569261f4a8d576afe0,18401,itapeva,SP
db2956745b3a8e9f3785c99f34b5d25e,11600,sao sebastiao,SP
6219ba2359cfb97f2e38fd4c321eb309,02110,sao paulo,SP
213fafb0ca06fb3d5886579c2565791b,35700,sete lagoas,MG
670c26e0f1bf8d0576271d5cfaec6d2b,87025,maringa,PR
dc8798cbf453b7e0f98745e396cc5616,05455,sao paulo,SP
240b9776d844d37535668549a396af32,24120,niteroi,RJ
bd4ff04377f974574f7f0bf9d6ce7dde,17370,santa maria da serra,SP
5aaa890629f83706d8d9bfecd8377c1c,25720,petropolis,RJ
96804ea39d96eb908e7c3afdb671bb9e,38950,ibia,MG
8b28d096634035667e8263d57ba3368c,12243,sao jose dos campos,SP
e116c7455dd26a4d8c3e92532583905f,01140,sao paulo,SP
818d28f936e791926d33bcb6ee94ef79,04141,sao paulo,SP
7ad41305e96a6cab8294cd65891e9a86,28810,rio bonito,SP
5b85809efd0d0e4dea1a9544e1280ed9,19020,presidente prudente,SP
abc015ebac1d283a323ca9db35ede4b9,14055,ribeirao preto,SP
c3e1abd72a42fe690fcd89cf5720fe29,13840,mogi guacu,SP
3c4e0452bff7a2a788179488d3d77032,83408,colombo,PR
7402d13c03a7e91366337cd1de471144,86181,cambe,PR
850913d59ce317156b00f3705f1c3edb,12942,atibaia,SP
a1474fd46fd3430168f7ec202da39408,83321,pinhais,SP
2ff6b7bff164ef05590a52734e1296da,86060,londrina,PR
0db783cfcd3b73998abc6e10e59a102f,11010,santos,SP
0be8ff43f22e456b4e0371b2245e4d01,04461,sao paulo,SP
1b7e5006cb25dd23ce8686691013b121,02350,sao paulo,SP
e8f6dc8e6a1dcde89d20e3995c8d90b3,03476,sao paulo,SP
f8db351d8c4c4c22c6835c19a46f01b0,13324,salto,SP
455f46ef09a9e45667e2981df84b5cc2,18052,sorocaba,SP
ff063b022a9a0aab91bad2c9088760b7,09171,santo andre,SP
7139dc5186aa238b006e066d8fbab2e4,13901,amparo,SP
d94a40fd42351c259927028d163af842,37443,baependi,MG
c840d3fdbba0790404fdae73d253b253,81530,curitiba,PR
1b938a7ec6ac5061a66a3766e0e75f90,16304,penapolis,SP
41ab63a91b8b264e8c8780368bf1dd5b,31555,belo horizonte,MG
cda598c48d7c614bc1cad7d8ff6f0010,15137,mirassol,SP
e24d3429d294b2eb200b064ebb035879,03514,sao paulo,SP
44073f8b7e41514de3b7815dd0237f4f,71070,brasilia,DF
f9eda05b67bef472deaddbba84aca289,88870,orleans,SC
dadc51ef321949ec9a3ab25cd902e23d,04821,sao paulo,SP
bee36b4f9a2b9fdcaff6ec05df202ed0,03308,sao paulo,SP
ececbfcff9804a2d6b40f589df8eef2b,14407,franca,SP
1099a00e0ee3a50935e6c2447ca090c5,20921,rio de janeiro,RJ
8b9d6eec4a7eb7d0f9d579ce0b38324d,26562,mesquita,RJ
92c8bc6e8f925792247656fed09aad65,03384,sao paulo,SP
7f02656561b680def9986c0795a8a080,01417,sao paulo,SP
aced59e9b31ef866a94f9e7f29d8d418,03306,sao paulo,SP
5bffbafbb22daf6d3bfc216a46db8708,26525,nilopolis,RJ
822b63912576852aea9a8436d72317b7,13840,mogi guacu,SP
e1a210d482714ce337763a19aef94ba4,85807,cascavel,PR
a0415d9b25ede3c4b1e477e9916ffc03,26255,nova iguacu,RJ
610f72e407cdd7caaa2f8167b0163fd8,01201,sao paulo,SP
f25e239052084705e17a982bc600ab2a,01123,sao paulo,SP
dd7ddc04e1b6c2c614352b383efe2d36,03471,sao paulo,SP
ef0ace09169ac090589d85746e3e036f,24451,sao goncalo,RJ
11305281b50fff20ae8bb473f8e11876,36500,uba,MG
c3cfdc648177fdbbbb35635a37472c53,80610,curitiba,PR
c8cc60ffd415254af5d9b9f34f32c369,18053,sorocaba,SP
38102b031c2a15e54623d711bfc753d3,62170,mucambo,CE
391fc6631aebcf3004804e51b40bcf1e,14940,ibitinga,SP
dfa0c4c6229ab200a4a1336b4d7128ff,88085,florianopolis,SC
0bebbb2cea103a4a020c95d43fd7d754,02515,sao paulo,SP
2a261b5b644fa05f4f2700eb93544f2c,13660,porto ferreira,SP
c7dcd301ecfe5ab7f778ac172cf74be7,30120,belo horizonte,MG
e4ebd3f87bf70440014f07ddda7fbe03,19470,presidente epitacio,SP
9e17b9d64683aebcbb9ee362d06463b4,14020,ribeirao preto,SP
9591fc341b1bfb7ef561e2968ec6e011,04456,sao paulo,SP
1354d51653f645349064725ed204e85e,01230,sao paulo,SP
41da412d33e8da4f22baf55cb1bde82c,29260,domingos martins,ES
ea8482cd71df3c1969d7b9473ff13abc,04160,sao paulo,SP
06bb3a2fe5e7b7a845b13e8fb91bd944,31844,belo horizonte,MG
612170e34b97004b3ba37eae81836b4c,93542,novo hamburgo,RS
2d518637f53161b973e01f56ea4bb88e,02992,sao paulo,SP
f4c4daa86e30c7e5a553a8d518ac03a5,85801,cascavel,PR
4a82c4af97ffc0fb2dc26bfdc03b1842,35590,lagoa da prata,MG
ba143b05f0110f0dc71ad71b4466ce92,02274,sao paulo,SP
eeb6de78f79159600292e314a77cbd18,88501,lages,SC
9dda5bbacd45e18d6485fee649205d09,37540,santa rita do sapucai,MG
2528744c5ef5d955adc318720a94d2e7,13202,jundiai,SP
cfd7ddab722b902f7ac5b5f3ba6d723d,32372,contagem,MG
90b36c5aeb728d5504a39f435bef0c5f,13835,conchal,SP
f205b1a3ca9a34e0f8a228bae6e4c7b3,94965,cachoeirinha,RS
058cb5aeb36d7c0fcae20fc85d5e0a59,21635,rio de janeiro,RJ
07bf9669d84d1f11be443a9dd938f698,04761,sao paulo,SP
6860153b69cc696d5dcfe1cdaaafcf62,13360,capivari,SP
903037660cf848a717166eb7a06d616e,05734,sao paulo,SP
f08c008c8a8d31417763738a1788a2a8,85875,santa terezinha de itaipu,PR
c4b911d06343b21dd906651f8101cb49,17560,vera cruz,SP
b6c6854d4d92a5f6f46be8869da3fa1a,01042,sao paulo,SP
863d2ebcd347ce4922de7a0f9a5581d6,21041,rio de janeiro,RJ
1c68394e931a64f90ea236c5ea590300,87114,sarandi,PR
6bb0724edf0b62fb91ac404873a97241,06700,cotia,SP
fdf736c18c589ed030e058312203e1b2,37704,pocos de caldas,MG
b499c00f28f4b7069ff6550af8c1348a,13481,limeira,SP
6fd52c528dcb38be2eea044946b811f8,08180,sao paulo,SP
8e8a7ce9f2f970dc00e2acf6f6e199f6,24710,sao goncalo,RJ
76d336555bb25f3165d2f0d6da719c40,18015,sorocaba,SP
b83cedfb587e7911540e3f576d6917ce,04870,sao paulo,SP
b2bdc5e7940a7d7ca8c4a37953b27a42,13880,vargem grande do sul,SP
1336efc61c316ddf92c899eb817f7cae,19800,assis,SP
c794dab4928dd97beb41d05514441e86,13160,artur nogueira,SP
bcf5566870987da7bc811fbc8c5b9fd9,03378,sao paulo,SP
e26901d5ab434ce92fd9b5c256820a4e,09350,maua,SP
c826c40d7b19f62a09e2d7c5e7295ee2,07133,guarulhos,SP
4830e40640734fc1c52cd21127c341d4,03573,sao paulo,SP
efcd8d2104f1a05d028af7bad20d974b,16012,aracatuba,SP
6bb62a4912377c7bfe7cb17b406bc7e6,13215,jundiai,SP
0adac9fbd9a2b63cccaac4f8756c1ca8,13290,louveira,SP
33a6f4b1e7cdc205511e76ba1b6e0186,07084,guarulhos,SP
91f848e9f4be368f4318775aac733370,03029,sao paulo,SP
1d0646a72178a6fb37ee8082140e06ec,89203,joinville,SC
2bf28e311bba65237358230cabac3f15,86047,londrina,PR
7202e2ba20579a9bd1acb29e61fe71f6,14401,franca,SP
5c853bb56f70f4d14218944bae111d7a,06715,cotia,SP
4d6fb82c629c7a5028bfd973c07b05e0,31525,belo horizonte,MG
4a3ca9315b744ce9f8e9374361493884,14940,ibitinga,SP
014d9a685fd57276679edd00e07089e5,87015,maringa,PR
81783131d2a97c8d44d406a4be81b5d9,18015,sorocaba,SP
29e6e05b65f93bc224c644319dc52ecf,36010,juiz de fora,MG
1b45169b635ef59425637e9a33eb5fb3,87050,maringa,PR
bd23da7354813347129d751591d1a6e2,03971,sao paulo,SP
900ba814c251a692506d7834c1218441,13328,salto,SP
24a6daf925d9d591870a66660416de31,14078,robeirao preto,SP
8eb88b0acb3f90a717ad659221471fa7,89504,cacador,SC
6cf476a4ca74498db55cbccdaa9dcfb6,02873,sao paulo,SP
a5cba26a62b8b4d0145b68b841e62e7f,87303,campo mourao,PR
1588ac4010787100dddef64568f0ae35,87045,maringa,PR
5a413ade68e8f8d93071a7f52a64cb9e,03679,sao paulo,SP
630008e0f062605a415d694489f6f82e,01026,sao paulo,SP
bc30de0d71bd6260b936a026b5cf7200,13920,pedreira,SP
4342d4b2ba6b161468c63a7e7cfce593,22793,rio de janeiro,RJ
9d5a9018aee56acb367ba9c3f05d1d6a,74930,aparecida de goiania,GO
f9244d45189d3a3605499abddeade7d5,03029,sao paulo,SP
daeb5653dd96c1b11860f72209795012,31310,belo horizonte,MG
7299e27ed73d2ad986de7f7c77d919fa,38440,araguari,MG
7722b1df1b0e383e000397b2c11e3e19,09715,sao bernardo do campo,SP
8bb48dc19fccaa8613b6229bf7f452a2,19803,assis,SP
34aefe746cd81b7f3b23253ea28bef39,81210,curitiba,PR
f88adb15807168d3c43d71021090ce4a,13660,porto ferreira,SP
a4e634166243bbb3a13fa584463fa468,06286,osasco,SP
a3a38f4affed601eb87a97788c949667,89204,joinville,SC
15b3b1b81484422eb41df68ac87f1f50,17047,bauru,SP
6b89abe95848c850399130d149a39b63,75640,piracanjuba,GO
2dd1fb6f0e42a2243b8a01e40cd41216,80240,curitiba,PR
312ba1d77e9c332ef21f9598b7f64cd7,07179,guarulhos,SP
537eb890efff034a88679788b647c564,20270,rio de janeiro,RJ
0d33a55da925bbf1ff02af5f6059fc7f,05632,sao paulo,SP
5bc24d989e71e93c33e50a7782431b0e,37165,campo do meio,MG
4677a5437afda5fa7140b927b07be1cc,84920,japira,PR
ba90964cff9b9e0e6f32b23b82465f7b,07140,guarulhos,SP
e6ffc9ac6a7adc9d16a1cfc2286dd546,02565,sao paulo,SP
45213867cefbf2cd4c6177e10216a951,13603,araras,SP
02c988090b766852e088c69d7fb3b551,13473,americana,SP
33a17d60c64393351ebf1ef860f4e0f2,91510,porto alegre,RS
3f8247d0f772ffa58560e5c682521ad5,89211,joinville,SC
2b03ac196f5ed62ac483960fe0fa3b65,02510,sao paulo,SP
f09e26011d833ddab11593c1a097a92a,13632,pirassununga,SP
cd6efc47efaabf134f8bdb654e10b4f1,23050,rio de janeiro,RJ
4ebdc7e6cd6102a022dadc49156d4ea8,05030,sao paulo,SP
6ba4733aa33f6386e9fb0c0fd3993b38,95560,torres,RS
3985a3c45be355a4c57fde108bfabd1c,95690,rolante,RS
b88e7c57cb2d8b973b7dd4a2bfa14b36,81350,curitiba,PR
c88f62b4c386a59281014d677864d016,86707,arapongas,PR
c7fdb77fdbff3c41981bc52f787e959e,09111,santo andre,SP
b839e41795b7f3ad94cc2014a52f6796,09541,sao caetano do sul,SP
df91910b6a03bb2e3358fa6a35e32f6f,09560,sao paulo,SP
f262cbc1c910c83959f849465454ddd3,03564,sao paulo,SP
e9511df20ccd82658a30c37b7fb343af,17026,bauru,SP
3d8fa2f5b647373c8620330c4e077a9f,03031,sao paulo,SP
b3b17aab11f273023a5f22ca52e1eb70,86065,londrina,PR
7008613ea464bad5cb9b83456e1e6a8f,89460,canoinhas,SC
977f9f63dd360c2a32ece2f93ad6d306,14910,tabatinga,SP
54965bbe3e4f07ae045b90b0b8541f52,85851,foz do iguacu,PR
95e03ca3d4146e4011985981aeb959b9,21210,rio de janeiro,RJ
ac6417315ae5da8f9a38ee11de6f7780,07400,aruja,SP
6e85dc5ecd97a61094b89b046a509d8e,15845,marapoama,SP
fa3a0b5aabb344b9a92e3524b0202123,83020,sao jose dos pinhais,SP
c66dccfb3f109511246da627dd5a2498,11900,registro,SP
c8417879a15366a17c30af34c798c332,04445,sao paulo,SP
9f56a7a649097b166d8ed286ad86a15c,21041,rio de janeiro,RJ
f3c38ab652836d21de61fb8314b69182,01206,sao paulo,SP
ce27a3cc3c8cc1ea79d11e561e9bebb6,03006,sao paulo,SP
0ef83d7d83ed97cd2a0049ac8be5f88a,80230,curitiba,PR
1dcfa3835714681d4ba4a93bc1e0fd41,16200,birigui,SP
d4f117125b59ce73c3302f88ee40c458,04058,sao paulo,SP
620c87c171fb2a6dd6e8bb4dec959fc6,25645,petropolis,RJ
c542f5a8c64d973f30e9df8d06f70b4a,02013,sao paulo,SP
06a2c3af7b3aee5d69171b0e14f0ee87,65072,sao luis,MA
d1c281d3ae149232351cd8c8cc885f0d,14940,ibitinga,SP
a4b6b9b992b46e9ef863637af96e04bc,88090,florianopolis,SC
79ee721b6f766066a80264402548d359,17011,bauru,SP
578460d8319c51dab351cd9db95eadfe,74550,goiania,GO
0ac4201fda2c68ebc0e47cb9423cf3c9,03345,sao paulo,SP
cf6f6bc4df3999b9c6440f124fb2f687,04937,sao paulo,SP
0ea22c1cfbdc755f86b9b54b39c16043,35700,sete lagoas,MG
712e6ed8aa4aa1fa65dab41fed5737e4,89560,videira,SC
0b35c634521043bf4b47e21547b99ab5,84530,teixeira soares,PR
f435898e493ba0356019a0b1cb8b55b1,81720,curitiba,PR
5f67c6082caacb26e431a7b17940cece,87083,maringa,PR
cee48807215b30a12ca2ca10ffb5f250,11431,guaruja,SP
ffff564a4f9085cd26170f4732393726,13070,campinas,SP
bbad7e518d7af88a0897397ffdca1979,01512,sao paulo,SP
e21a1e8be4715b0fcfd5385643bc49c4,88715,jaguaruna,SC
751e274377499a8503fd6243ad9c56f6,13097,campinas,SP
5dceca129747e92ff8ef7a997dc4f8ca,13450,santa barbara d´oeste,SP
f4aba7c0bca51484c30ab7bdc34bcdd1,01031,sao paulo,SP
a2e874074c877c5a05abae80ad6e488f,15070,sao jose do rio preto,SP
c72de06d72748d1a0dfb2125be43ba63,46430,guanambi,BA
f35becee938e982bd615edf8ef12bcfb,19160,alvares machado,SP
670a9dda115b5a88b18cfadee8de2332,14096,ribeirao preto,SP
3b15288545f8928d3e65a8f949a28291,14940,ibitinga,SP
2f09f7d37a97956d11cc1a7cadd5262b,14090,ribeirao preto,SP
2953ce3a88f5e3c3b696d77fc9e4c8eb,04270,sao paulo,SP
5eeb9c756d9780b96283e5a2ac6da334,14010,ribeirao preto,SP
3c487ae8f8d7542beff5788e2e0aea83,72460,gama,DF
33576ec5412fb5905d876f12f33bfde6,80040,curitiba,PR
c9c7905cffc4ef9ff9f113554423e671,06871,itapecerica da serra,SP
52f9db5cfb423382a2fa5c9e39303202,19830,echapora,SP
c273175f7c6c80fb02f051e2fc6d0d72,05849,sao paulo,SP
750303a20e9c56b2a6bc45cdce0b897d,74333,goiania,GO
1ca7077d890b907f89be8c954a02686a,06506,santana de parnaiba,SP
270297ead4c65a6cd2593960d2af6b21,04696,sao paulo,SP
0691148aee60ca47977c187804f935ae,86010,londrina,PR
31da954dc0855f2495c6310f70a2f931,13601,araras,SP
ef9952469137ff190bacafe117f51537,38022,uberaba,MG
768a86e36ad6aae3d03ee3c6433d61df,01529,sao paulo,SP
d2e753bb80b7d4faa77483ed00edc8ca,45810,porto seguro,BA
e9e446d01bd10a97a8ffcfc4a3a20cb2,02261,sao paulo,SP
b7ba853e9551f4558440881fd3e5c815,95500,santo antonio da patrulha,RS
099095b050cfe8eb1ddff5317587e96e,03322,sao paulo,SP
b4a476fbd28de64b1e347abf9089366a,06653,itapevi,SP
c85d7b477a709c85a1e8b8f25aa1b270,09640,sao bernardo do campo,SP
3d621842b2ed28e2b474132480edac3c,08041,sao paulo,SP
7aa4334be125fcdd2ba64b3180029f14,18500,laranjal paulista,SP
a3e9a2c700480d9bb01fba070ba80a0e,14940,ibitinga,SP
744dac408745240a2c2528fb1b6028f3,83408,colombo,PR
8c3b533c63cca56240f94f1e3a6b18ef,31050,belo horizonte,MG
4be2e7f96b4fd749d52dff41f80e39dd,69900,rio branco,AC
b0b346d3a89f5eb4c2968af3f083cd43,13105,campinas,SP
b6d44737c043328708f6749c2dbe50bd,09230,santo andre,SP
8476243f92442881ddd5b578975cf115,93700,campo bom,RS
2b1a40c1daabc6ca280c4b815c101841,35500,divinopolis,MG
002100f778ceb8431b7a1020ff7ab48f,14405,franca,SP
1554a68530182680ad5c8b042c3ab563,37580,monte siao,MG
a0e19590a0923cdd0614ea9427713ced,83075,sao jose dos pinhais,PR
e8b4225284fbb02d16f200513f1f395d,14960,novo horizonte,SP
6806dad1da97bfb5a9038eac6881f706,83280,guaratuba,PR
49067458c68f7701fd334ce326accbe0,36050,juiz de fora,MG
07d75e33f2750d97d467fb57e4dfdd8a,02117,sao paulo,SP
0432ead42b6c8a0bdf68154add917fdf,09320,maua,SP
596849622429351f47b32e6cae1055ff,08710,mogi das cruses,SP
acf974e4d5950ad143a247471b831eb9,95059,caxias do sul,RS
50c361bcf670d16f6df4d52de3dff924,04131,sao paulo,SP
b94cc9f10ddc85e4ba73a6f7974e7101,27930,macae,RJ
dee656f0f566ed1aa85bd137c943f08f,12701,cruzeiro,SP
3092c0b297aacfb4bb6e056ebe13b9b8,07402,aruja,SP
8cbac7e12637ed9cffa18c7875207478,89254,jaragua do sul,SC
aae3bfea055532c57fb453ed3ec80b30,09271,santo andre,SP
2dee2ce60de9709b1a24083217181a1f,78552,sinop,MT
79565f7d5603b24ddf07ade262547f2f,14804,araraquara,SP
c522be04e020c1e7b79f3acff36513d5,06501,santana de parnaiba,SP
1d8dbc4f32378d715c717c1c1fc57bae,86706,arapongas,PR
2156f2671501a81034d7d07f217609d0,04776,sp,SP
33dd941c27854f7625b968cc6195a552,29107,vila velha,ES
17ca9b9e9b9ef8fdb529001b49ebb50f,32677,betim,MG
432c67955c0acd1fd6b0b5d678766a71,05571,sao paulo,SP
2a6fbeaa7ab9e5d59a35841a8da71ce4,89259,jaragua do sul,SC
2b5ed0c9139dae8883a200dfcb272ece,04087,sao paulo,SP
7f152321c60a266edc53af1925ef96c1,88801,criciuma,SC
994f04b3718c2bab35c2adfa8afecd2a,13912,jaguariuna,SP
8d46553a36e68f95350a200c12f8f2e2,13056,campinas,SP
d93844a9c55ba7ce353388bcf849ea56,82320,curitiba,PR
01c97ebb5cdac52891c0ed1c37ba0012,15804,catanduva,SP
2c9e548be18521d1c43cde1c582c6de8,08752,mogi das cruzes,SP
062ce95fa2ad4dfaedfc79260130565f,95913,lajeado,RS
26d6bbee02420494d471c9f6436929c0,81530,curitiba,PR
a89e143d5211473ae18db9577ee34b64,13486,limeira,SP
2a7dc43cecabf23403078e2188437d1d,04142,sao paulo,SP
821fb029fc6e495ca4f08a35d51e53a5,02030,sao paulo,SP
acb6c2ca5c82411c1fdb88d5fd5eb95e,03423,sao paulo,SP
9616352088dcf83a7c06637f4ebf1c80,87504,umuarama,PR
ae45df84722b1d15c5f32b23a095746c,03062,sao paulo,SP
710e3548e02bc1d2831dfc4f1b5b14d4,86600,rolandia,PR
a673821011d0cec28146ea42f5ab767f,03809,sao paulo,SP
b9ec22de23f18567de0e09d776ca0309,72318,brasilia,DF
dd55f1bb788714a40e7954c3be6df745,01021,sao paulo,SP
594f9aaa48e5bf431f011ddc5669b0d5,32185,contagem,MG
6e0908ef4d4efadbc3cc2b74ea477cb0,20910,rio de janeiro,RJ
cca3071e3e9bb7d12640c9fbe2301306,14940,ibitinga,SP
7f7b8245c336066a1f9933c359f11d77,13800,mogi mirim,SP
8648b1e89e9b349e32d3741b30ec737e,12308,jacarei,SP
c9aafcd0621b2207c10e32c649cada4d,08011,sao paulo,SP
f0e103c63864d5405b958d984b6e94c9,06150,osasco,SP
1bb2bdb95f4841f1bba2c0d2cd83d3c9,01257,sao paulo,SP
c32fc744b9160ac853450488e3cfea93,14020,ribeirao preto,SP
15ac3c501e2599e4917316fde5c5669a,04911,sao paulo,SP
20fd2d2080ed85fa67fad3fcbb2c1813,83405,colombo,PR
238fac594e170b59c6d228f5a4f4f1d9,17300,dois corregos,SP
634964b17796e64304cadf1ad3050fb7,21840,rio de janeiro,RJ
b33e7c55446eabf8fe1a42d037ac7d6d,14850,pradopolis,SP
542917da124346b47ea1ac79a93ce454,82560,curitiba,PR
d23019c84ffae2d5ef2270367b8605fc,86073,londrina,PR
4869f7a5dfa277a7dca6462dcf3b52b2,14840,guariba,SP
25be943a321c8938947bdaabca979a90,09725,sao bernardo do campo,SP
bfd938b22bc99bce1ae60dc602889f52,22775,rio de janeiro,RJ
f0563bacf40c311f1c4d3d6b67b8a7a7,88704,tubarao,SC
b4ffb71f0cb1b1c3d63fad021ecf93e1,03880,sao paulo,SP
64b87978a11c1ea7501a89eabe8c2c1a,19300,presidente bernardes,SP
e4253cef933647000a82ff39c67b7bde,05856,sao paulo,SP
ea65d8b58316a6f2362f2a9e4b3e86ad,13030,campinas,SP
9449f25aeaf531019b76999ea49a6949,21040,rio de janeiro,RJ
13d058e4eeac2ce8217660b2f8a05812,06080,osasco,SP
41c2bad7229b0c25e6becf179ebf63ff,59020,natal,RN
4559697a8f7e637227c2eeaed843baff,19029,presidente prudente,SP
1b8b75e227c9a9c100d0c210fb6176ce,05468,sao paulo,SP
6288c69c4ce638e59925e59193f98b16,09010,santo andre,SP
3a3e46d10f74d8a6ca76e2b538f106a0,02522,sao paulo,SP
9ac4f14370b1e24ddc58be041b7f99df,76330,jaragua,GO
a938325a4b357fd23a6a4d5bb126408e,26510,nilopolis,RJ
725af026f869236a8dd0ceb98564d156,35530,claudio,MG
8cb7c5ddf41f4d506eba76e9a4702a25,75110,anapolis,GO
8bd0f31cf0a614c658f6763bd02dea69,01222,sao paulo,SP
2d50d6282f8aa2257819a77bfaa0efe0,14940,ibitinga,SP
7e93a43ef30c4f03f38b393420bc753a,06429,barueri,SP
0c8380b62e38e8a1e6adbeba7eb9688c,37410,tres coracoes,MG
5abb8ea023c77787f2c15da891c8d384,89228,joinville,SC
b92e3c8f9738272ff7c59e111e108d7c,36502,uba,MG
6c6e3d67f969468f3bfd33f827a31222,87035,maringa,PR
4917cee8d902e13428c3ec4b1ca6f315,89031,blumenau,SC
4bcec44888b30ba9001234c534716d3f,09230,santo andre,SP
1cbd50a8c52e6cf8e315c5709fab386f,83830,fazenda rio grande,PR
671585f5a2af58b6e276bc01003c0d2b,80510,curitiba,PR
8ec76bb0965af3f007692b26fa9d6623,88804,criciuma,SC
0176f73cc1195f367f7b32db1e5b3aa8,14940,ibitinga,SP
26b482dccfa29bd2e40703ba45523702,13450,santa barbara d´oeste,SP
f7ba60f8c3f99e7ee4042fdef03b70c4,09628,sao bernardo do campo,SP
b6e1504972665f739dec4facb9943775,13405,piracicaba,SP
5075aaa8404020ae6aa8bf4792099b41,37706,pocos de caldas,MG
15aec03fe4cf30dfa574cf550f5ff5ff,21862,rio de janeiro,RJ
2cb6eb1b7185064167657fa09f541105,34710,sabara,MG
1caf283236cd69af44cbc09a0a1e7d32,26020,nova iguacu,RJ
a13580f0e8f782b7a543885a0ef99f08,22790,rio de janeiro,RJ
3785b653b1b82de85ab47dd139938091,85640,ampere,PR
61b893c57e33626afb104d4112b1be76,37142,divisa nova,MG
c3acdfac4e3e97ff87529454fbc03642,05705,sao paulo,SP
6df688df543f90e9b38f4319e75a9d88,31230,belo horizonte,MG
ba6b68b55fe8704377a7d43c8e5c0185,30130,belo horizonte,MG
ace601496e211a664100321f038f50af,02372,sao paulo,SP
d673a59aac7a70d8b01e6902bf090a11,14940,ibitinga,SP
6bcb2352a2a0c38b845f598298ab9d26,87050,maringa,PR
f9bbdd976532d50b7816d285a22bd01e,05319,sao paulo,SP
293dee954235e4e4e43f129313625ebe,72125,brasilia,DF
a67780aba9dd436e7ac0aa1f889e73ec,19027,presidente prudente,SP
c2bda99904207edd1834f03e0022b007,08280,sao paulo,SP
c004e5ea15737026cecaee0447e00b75,02035,sao paulo,SP
4e17c65a516f69d023a2ae78b84f28d6,08673,suzano,SP
b1ac6ea7895bc3dd6f0f6f4abbdd2821,92030,canoas,RS
aafe36600ce604f205b86b5084d3d767,88115,sao jose,SC
dbd66278cbfe1aa1000f90a217ca4695,05588,sao paulo,SP
66dc1b1632bd6a3e508510c5b3492107,17210,jau,SP
b57e8460909fa137df7951b4a3b5ea84,90640,porto alegre,RS
1d29dfba02015238dfbe2449a5eaa361,36576,vicosa,MG
7e3dde9ffba72d5340f9aaf09b4424be,86185,cambe,PR
08633c14ef2db992c11f840f04fad4cd,09416,ribeirao pires,SP
7a91bf945c6fae0779f1c61ce97fe45c,26562,mesquita,RJ
1cbdc7cf130a41fd13a3c2a7d2fcfda7,37480,lambari,MG
5b581417df4480f632484ba681e53944,88050,florianopolis,SC
cc419e0650a3c5ba77189a1882b7556a,09015,santo andre,SP
0df3984f9dfb3d49ac6366acbd3bbb85,32604,betim,MG
c68fb906c8f4b4b946d8386bfa6e5467,14870,jaboticabal,SP
10076e5788b8ee532724bcd460baf762,14315,batatais,SP
b3f19518fcec265b2e97af287725f981,15170,tanabi,SP
fcb5ace8bcc92f75707dc0f01a27d269,07032,guarulhos,SP
8931a84a914b3fe9b1ddaa4d704947ca,08410,sao paulo,SP
7ddcbb64b5bc1ef36ca8c151f6ec77df,04403,sao paulo,SP
f3295428338a40977a03f555246a70f4,29032,vitoria,ES
81336a0f57a33776419727a300249e90,13560,sao carlos,SP
7f2617c58d5d06806987308b45654351,04571,sao paulo,SP
efb628aa07c8ca93d7db0d85b91a4f5a,26230,nova iguacu,RJ
f7315bb81aea4ddca2d39e249a801c98,07082,guarulhos,SP
a36ac007a4d18f865c8d32c3b2402c2d,06455,barueri,SP
73b8eb4a9a729d4019b24ed1be748cbf,13070,campinas,SP
ac137bac82ffa8548e62bd9d01d2a14f,03631,sao paulo,SP
520b493b57809f446cb0a233bb3e25c7,11075,santos,SP
5c6d4016c2a288f074fa0848a2b653d2,01209,sao paulo,SP
fe26f3ecb51a15e6d8335cd92da42562,04365,sao paulo,SP
5f1dc28029d2c244352a68107ec2b542,05126,sao paulo,SP
9d4db00d65d7760644ac0c14edb5fd86,18025,sorocaba,SP
b64d51f0435e884e8de603b1655155ae,07077,garulhos,SP
88460e8ebdecbfecb5f9601833981930,87030,maringa,PR
7a188843479798ca813108fa7b959286,04276,sao paulo,SP
508808d438fe2ff972ed13bb8f4a82e2,03963,sao paulo,SP
cf281cf8b7affbdfe751b29cc85580e1,61760,eusebio,CE
00fc707aaaad2d31347cf883cd2dfe10,87025,maringa,PR
3ade81dab5a172b88e1871c28ae05260,15076,sao jose do rio preto,SP
522620dcb18a6b31cd7bdf73665113a9,85801,cascavel,PR
9b522ba7eae9e1d04082f267144583cc,04843,sao paulo,SP
3d2531eccfbde1d7c8db7a3a12fb267a,31340,contagem,MG
b080809eaacb49e5ca07290981472431,30431,belo horizonte,MG
f214d28e8d8e3ef068748498ccc2f813,03872,sao paulo,SP
3be634553519fb6536a03e1358e9fdc7,08275,sao paulo,SP
f3055483058c84d75ca2a3314fb4deef,40368,salvador,BA
c35672b10ad50968f567ea3f4b91e877,26551,mesquita,RJ
a5a1bfcf728ab0e19182959cf0771ee4,13960,socorro,SP
fdaaf5bfda82b7b80535610c831b8d09,15015,sao jose do rio preto,SP
de23c3b98a88888289c6f5cc1209054a,05530,sao paulo,SP
3d871de0142ce09b7081e2b9d1733cb1,13232,campo limpo paulista,SP
abcd2cb37d46c2c8fb1bf071c859fc5b,78020,cuiaba,MT
5cf13accae3222c70a9cac40818ae839,38700,patos de minas,MG
2fa13c8bd5705d279f7ed5cc9ec61c68,04679,sao paulo,SP
e627629ba868740e287800f1a9be81c2,01421,sao paulo,SP
ac3508719a1d8f5b7614b798f70af136,92030,canoas,RS
c394e193cda3b4225ff2094d32184849,04104,sao paulo,SP
ad8ada0ffa993cb1197d102d9ab21a3e,38445,araguari,MG
4d6d651bd7684af3fffabd5f08d12e5a,17209,jau,SP
c26ba52cf8d2f34915f2f6b7ffa0a3f3,21510,rio de janeiro,RJ
5ca5d579b5857ee8709479b1047cecc3,04176,sao paulo,SP
d566c37fa119d5e66c4e9052e83ee4ea,04131,sao paulo,SP
e333046ce6517bd8bb510291d44f0130,18950,ipaussu,SP
17eea220a40cc0d2c0c5346379682398,03565,sao paulo,SP
5f0057b677eb963672bf05dfa3f16c34,01309,sao paulo,SP
de9727ca376d1be6ec121b110aa7954c,87114,sarandi,PR
c1ed9e3daf6154542826a6996af0fb8c,88308,itajai,SC
06579cb253ecd5a3a12a9e6eb6bf8f47,04007,sao paulo - sp,SP
cb6c9f5888a7a090c75beaf615925792,29100,vila velha,ES
32f1bb9dfa65bc7df5c0d9d95a616be4,04705,sao paulo,SP
299c89a525fee36c567f4fe72f038100,63540,varzea alegre,CE
63b9ae557efed31d1f7687917d248a8d,13720,sao jose do rio pardo,SP
